技术分,估值分位,估值分,未来收益
66.8,6.557377049180328,95.08196721311475,-4.396843291995478
47.3,38.41961852861036,69.34332425068119,5.450500556173532
66.1,6.995884773662551,94.75308641975309,31.870967741935495
39.3,99.01639344262296,12.983606557377044,5.805958747135209
50.2,98.9041095890411,13.095890410958901,5.239436619718307
31.7,99.64830011723329,12.35169988276671,0.30473511486170946
77.7,86.41975308641975,25.580246913580254,-20.823568798125216
61.9,85.10054844606947,26.899451553930533,-42.72058823529412
70.9,73.61912613355317,37.74278647980215,53.58778625954199
70.6,10.245901639344263,92.3155737704918,41.00946372239746
68.7,89.3732970027248,22.626702997275203,11.111111111111116
70.8,19.753086419753085,85.18518518518519,-10.377358490566046
65.0,6.721311475409836,94.95901639344262,0.9999999999999787
71.4,6.164383561643835,95.37671232876713,-5.512960905885866
67.5,1.406799531066823,98.94490035169989,-17.50433275563258
72.8,0.205761316872428,99.84567901234568,-13.863636363636356
49.2,12.888482632541134,90.33363802559415,-10.29411764705882
60.6,10.057708161582852,92.45671887881286,5.41176470588236
25.3,15.315315315315313,88.51351351351352,1.5974440894568787
43.6,15.315315315315313,88.51351351351352,-30.22451429301728
72.1,91.76954732510289,20.23045267489711,-16.26984126984128
36.2,99.1825613079019,12.817438692098094,-15.234375
60.8,96.50924024640656,15.490759753593437,-19.047619047619047
60.1,87.04918032786885,24.950819672131146,-2.604166666666663
76.1,58.0246913580247,51.77777777777777,-0.5555555555555536
41.0,99.17743830787309,12.82256169212691,-14.516129032258062
70.6,58.14432989690722,51.6701030927835,9.23076923076922
72.3,1.2295081967213115,99.07786885245902,-2.5129593180890253
34.4,17.166212534059948,87.12534059945504,-20.17766497461929
56.3,5.1440329218107,96.14197530864197,-3.348937826304732
68.0,2.622950819672131,98.0327868852459,7.862214041546145
66.2,21.91780821917808,83.36986301369863,-25.012493753123444
66.0,8.792497069167643,93.40562719812426,-20.401234567901238
74.2,0.30864197530864196,99.76851851851852,-17.721518987341778
50.7,15.904936014625228,88.07129798903108,52.33975619347228
72.2,40.72547403132729,67.34707337180544,-0.5080693365212219
49.6,97.95081967213115,14.049180327868854,107.98326529177649
70.7,82.01634877384197,29.98365122615803,17.84728610855566
48.5,77.57201646090535,34.18518518518519,72.41538832898027
72.3,80.32786885245902,31.67213114754098,-4.4794188861985385
78.2,37.534246575342465,70.0958904109589,-0.14224943451294214
40.3,47.36225087924971,61.373974208675264,16.500553709856035
51.1,62.96296296296296,47.333333333333336,-28.81867683618642
67.1,28.610603290676416,77.68098720292505,-13.253012048192769
65.8,21.10469909315746,84.06100577081615,15.501806144878106
64.3,10.245901639344263,92.3155737704918,6.074055183175675
62.6,28.065395095367844,78.14441416893733,0.12128562765312267
70.5,3.909465020576132,97.0679012345679,-0.5535242517590744
47.7,25.08196721311475,80.68032786885246,-0.25380710659898
63.4,33.97260273972603,73.12328767123287,4.606836842761375
66.1,25.55685814771395,80.27667057444314,-8.88077858880778
73.6,0.102880658436214,99.92283950617283,-6.4939029001160105
46.7,56.855575868372945,52.82998171846435,-11.602806260118715
58.1,21.022258862324815,84.13107996702391,25.55190438617181
52.4,62.63157894736842,47.631578947368425,-28.057259713701434
64.7,17.89137380191693,86.5814696485623,13.295454545454533
59.9,14.583333333333334,89.0625,-5.5866994450172065
46.8,18.165467625899282,86.37589928057554,-4.735202492211831
74.4,0.8875739644970414,99.33431952662721,-3.922310111451932
54.8,18.523153942428035,86.10763454317897,-35.43191800878477
69.3,4.248366013071895,96.81372549019608,-25.822550029117775
28.0,19.807692307692307,85.14423076923077,-18.666666666666675
24.9,52.11389128559103,57.097497842968075,-14.34620056354815
59.3,18.442622950819672,86.16803278688525,-7.142857142857151
57.0,6.267029972752043,95.29972752043597,-1.0598503740648413
61.6,6.378600823045268,95.21604938271605,29.388029589778064
57.1,44.75409836065574,63.721311475409834,21.630901287553648
59.5,53.56164383561644,55.794520547945204,3.505007153075823
61.5,72.56740914419694,38.68933177022275,1.1985248924400782
68.8,40.534979423868315,67.51851851851852,-21.155795876985472
51.2,69.01279707495429,41.888482632541134,39.182623606744784
73.6,57.213520197856546,52.50783182192911,31.204330175913398
51.7,38.114754098360656,69.60245901639344,-2.0238861504380257
65.4,5.449591280653951,95.91280653950953,2.9942157196325203
59.3,5.349794238683128,95.98765432098766,-8.746871164954417
43.1,25.573770491803277,80.26229508196721,1.317440401505654
59.8,33.15068493150685,73.82191780821917,-9.739862916984677
65.2,5.041031652989449,96.21922626025791,0.09980039920158834
67.8,7.510288065843622,94.36728395061728,-5.8310885609980545
60.1,7.678244972577697,94.24131627056673,-8.554674025526033
56.3,2.8854080791426218,97.83594394064303,2.4723169148219037
53.7,12.295081967213115,90.77868852459017,13.955555555555566
66.4,5.994550408719346,95.50408719346049,-0.20986358866735833
62.4,5.967078189300412,95.5246913580247,-0.23255813953487747
62.2,8.360655737704919,93.72950819672131,-8.575031525851195
72.3,1.643835616438356,98.76712328767124,16.176470588235304
61.0,33.17702227432591,73.79953106682298,-28.421052631578934
66.4,0.0,100.0,56.49999999999999
35.5,24.49725776965265,81.17733089579525,9.800000000000008
51.6,65.21022258862324,45.310799670239085,37.08791208791209
57.5,6.967213114754098,94.77459016393442,14.379084967320255
57.7,18.52861035422343,86.10354223433242,6.015037593984962
69.9,2.4691358024691357,98.14814814814815,4.067796610169494
68.2,5.245901639344262,96.06557377049181,12.013536379018607
70.7,3.6986301369863015,97.22602739726027,2.0304568527918843
55.4,30.5978898007034,75.99179366940211,-26.73410404624278
60.2,4.732510288065844,96.45061728395062,18.482906115666985
48.9,57.495429616087755,52.25411334552102,-2.6195899772209708
62.4,57.04863973619126,52.656224237427864,9.369463531218546
63.6,15.573770491803279,88.31967213114754,59.65314573592042
70.1,81.74386920980926,30.25613079019074,-6.504961411245869
62.9,10.905349794238683,91.82098765432099,20.989163826084443
59.1,15.737704918032788,88.19672131147541,2.7027027027026973
57.7,18.08219178082192,86.43835616438356,-1.1458138463032674
67.0,1.5240328253223916,98.85697538100821,-1.7751479289940808
67.9,6.481481481481481,95.13888888888889,-6.342230464771548
60.9,11.243144424131627,91.56764168190128,-10.344827586206906
67.8,0.24732069249793898,99.81450948062654,7.814457461253932
72.7,0.819672131147541,99.38524590163935,-17.562278324060753
56.0,9.809264305177113,92.64305177111717,10.45454545454545
63.5,4.320987654320987,96.75925925925927,12.998674417930234
71.9,8.852459016393443,93.36065573770492,2.5307302964569844
61.3,12.191780821917808,90.85616438356165,-1.6358149895705942
66.8,11.371629542790153,91.47127784290738,-23.960535588442568
74.9,0.51440329218107,99.6141975308642,0.3075114772951082
52.5,12.979890310786105,90.26508226691043,30.974264705882337
70.7,19.538334707337178,85.34624896949711,11.84488821924674
62.8,38.59649122807017,69.19298245614036,-19.277929155313345
63.4,12.925170068027212,90.3061224489796,-9.64824120603015
55.8,6.779661016949152,94.91525423728814,31.83431952662721
58.5,44.878957169459966,63.608938547486034,32.02443280977314
75.7,27.24505327245053,78.84170471841705,-18.676122931442073
48.2,32.69230769230769,74.21153846153845,15.907274180655474
75.6,25.806451612903224,80.06451612903226,-20.852359208523595
49.0,36.23898139079334,71.19686581782565,-11.608497723823973
45.9,41.14035087719298,66.97368421052632,-9.264305177111732
61.6,46.31147540983606,62.31967213114754,-21.236059479553905
71.7,0.2724795640326975,99.79564032697547,-19.45878304395433
56.8,11.316872427983538,91.51234567901234,-8.907819789803973
52.0,30.81967213114754,75.80327868852459,-9.750889679715302
70.8,1.36986301369863,98.97260273972603,-11.087532842763414
77.6,0.0,100.0,-30.617523440025863
77.7,0.9259259259259258,99.30555555555556,-29.492569259878454
39.9,18.0073126142596,86.4945155393053,-27.033492822966508
58.7,14.179719703215168,89.36521022258863,3.650537590010705
70.1,58.606557377049185,51.25409836065573,12.471973998663245
67.8,13.35149863760218,89.98637602179836,36.8421052631579
63.5,87.03703703703704,24.962962962962962,-16.52211899088836
56.2,12.295081967213115,90.77868852459017,9.02061855670102
67.9,43.15068493150685,65.16438356164383,-0.33596917321410125
68.8,9.847596717467761,92.61430246189917,-1.0230179028132946
75.9,0.205761316872428,99.84567901234568,-5.3260737131019305
52.7,23.217550274223033,82.26508226691043,-12.749999999999995
65.0,5.3586150041220115,95.9810387469085,13.580612795395531
43.9,98.77049180327869,13.229508196721312,26.123110790857584
53.8,89.3732970027248,22.626702997275203,-26.435045317220542
43.1,81.6872427983539,30.312757201646093,-11.555959963603268
58.4,70.32786885245902,40.704918032786885,14.880332986472421
74.9,75.89041095890411,35.698630136986296,1.5294117647058902
62.0,96.24853458382181,15.751465416178192,-19.618834080717484
75.4,71.91358024691358,39.27777777777778,-10.526315789473683
53.7,98.72029250457038,13.27970749542962,-10.904872389791176
59.2,99.09315746084089,12.906842539159115,8.551068883610458
67.2,7.786885245901639,94.15983606557377,34.445446348061324
62.2,39.509536784741144,68.41689373297002,-1.8531717747683585
63.8,5.1440329218107,96.14197530864197,46.35627530364373
53.4,51.967213114754095,57.22950819672131,-3.271983640081788
66.8,8.904109589041095,93.32191780821918,-15.696245076039661
59.4,9.730363423212191,92.70222743259086,-30.652368185880253
68.2,5.761316872427984,95.67901234567901,-9.047616288147541
55.3,19.195612431444243,85.60329067641682,0.9009009009008917
64.4,20.115416323165704,84.90189612530915,43.219264892268704
64.9,54.91803278688525,54.57377049180327,-10.994764397905765
60.2,54.91803278688525,54.57377049180327,42.567567567567565
46.9,54.91803278688525,54.57377049180327,38.13104888739702
75.5,0.0,100.0,0.42016806722691147
65.0,17.770034843205575,86.67247386759581,-24.583333333333325
73.1,3.6945812807881775,97.22906403940887,-17.14285714285715
28.8,74.24242424242425,37.18181818181817,39.14590747330961
62.3,25.965996908809892,79.92890262751159,9.289617486338786
61.1,31.147540983606557,75.52459016393442,-6.387434554973814
52.6,63.76021798365122,46.6158038147139,2.541047693510534
71.5,2.05761316872428,98.45679012345678,5.7550644567219145
56.2,44.91803278688525,63.57377049180327,16.801437556154532
62.7,90.82191780821918,21.178082191780817,17.06491860683048
71.7,45.48651817116061,63.06213364595545,10.127504553734056
65.2,19.34156378600823,85.49382716049382,-32.54521531626592
31.5,45.61243144424132,62.948811700182816,-1.5948422124194117
64.1,25.14427040395713,80.62737015663645,3.009417376174861
45.3,84.42622950819673,27.573770491803273,-4.714640198511177
65.9,5.722070844686648,95.70844686648502,-17.056856187290958
72.5,2.05761316872428,98.45679012345678,-7.1839103320459845
56.6,15.081967213114755,88.68852459016394,21.31868131868131
58.4,38.49315068493151,69.28082191780823,-5.603523051662329
73.1,18.757327080890974,85.93200468933176,-24.02791625124626
74.4,0.6172839506172839,99.53703703703704,-12.395329589772874
47.9,16.36197440585009,87.72851919561244,-9.275730622617528
47.9,28.854080791426217,77.47403132728772,5.886732954048846
39.6,91.80327868852459,20.196721311475414,12.097884771866152
57.4,88.8283378746594,23.171662125340603,-13.605442176870753
61.2,11.934156378600823,91.04938271604938,10.42065009560229
62.7,19.836065573770494,85.12295081967213,11.06074342701724
22.5,99.45205479452055,12.54794520547945,-30.476276789561606
67.8,71.39507620164126,39.744431418522865,-6.593406593406581
69.7,41.04938271604938,67.05555555555556,-11.945625603059117
31.4,93.6928702010969,18.307129798903105,-10.952380952380947
73.2,44.847485572959606,63.63726298433635,18.193578387418285
54.3,84.42622950819673,27.573770491803273,20.270270270270284
30.4,98.09264305177112,13.90735694822888,-35.483870967741936
59.3,40.534979423868315,67.51851851851852,18.825561312607952
56.8,45.24590163934426,63.278688524590166,-1.8099547511312264
73.2,14.246575342465754,89.31506849315069,-2.6666666666666727
70.4,10.902696365767877,91.8229777256741,-20.493358633776094
70.0,0.51440329218107,99.6141975308642,-16.267942583732054
43.9,17.184643510054844,87.11151736745887,-6.465517241379326
48.3,28.359439406430337,77.89447650453421,27.201565557729946
47.4,65.57377049180327,44.98360655737705,19.80726319774817
72.3,61.85286103542234,48.33242506811989,26.036866359446996
58.9,69.54732510288066,41.407407407407405,0.27167750347223407
64.4,31.147540983606557,75.52459016393442,-1.439645625692132
63.0,3.8356164383561646,97.12328767123287,9.297665350022655
67.7,3.751465416178194,97.18640093786635,-14.5993413830955
68.7,0.6172839506172839,99.53703703703704,-16.12843259691863
47.2,12.431444241316271,90.6764168190128,-11.335012594458437
61.4,12.61335531739489,90.53998351195384,16.987872747823786
69.3,22.950819672131146,82.49180327868852,25.82033351264119
59.9,70.57220708446866,40.485013623978205,-12.20264317180616
59.7,14.40329218106996,89.19753086419753,5.08259212198221
64.0,27.377049180327866,78.72950819672131,-3.0327788025365177
74.5,10.684931506849315,91.98630136986301,-8.248730964466999
72.7,5.275498241500586,96.04337631887456,7.864357864357863
62.7,37.65432098765432,69.99382716049382,-12.896053362979432
46.7,98.81170018281536,13.188299817184642,1.525215252152523
71.7,88.70568837592745,23.29431162407255,32.74048096192386
68.7,13.559322033898304,89.83050847457628,-10.54925893635571
70.7,4.149377593360995,96.88796680497926,14.310549894677083
67.2,4.444444444444445,96.66666666666667,-14.790575916230363
64.0,9.090909090909092,93.18181818181819,16.36894579858712
65.2,22.019867549668874,83.28311258278146,2.0648967551622377
70.3,5.914718019257221,95.56396148555709,0.8680393255993124
77.2,0.5910165484633569,99.55673758865248,-0.1879699248120481
55.7,14.772727272727273,88.92045454545455,1.473359048768641
67.2,9.659613615455381,92.75528978840846,11.07004206421125
68.0,9.01639344262295,93.23770491803279,1.3892841906268272
49.0,51.22615803814714,57.89645776566758,13.428120063191162
64.4,18.72427983539095,85.95679012345678,40.97175128875246
16.0,99.8360655737705,12.163934426229503,25.83243823845327
70.0,85.06849315068493,26.93150684931507,-27.004909983633386
50.9,79.24970691676437,32.67526377491207,-3.15581854043393
58.4,73.559670781893,37.7962962962963,-17.160286001163037
69.4,57.495429616087755,52.25411334552102,-1.1511895625479718
73.4,45.67188788128607,62.895300906842536,24.67043314500943
63.7,9.01639344262295,93.23770491803279,-7.125307125307123
65.9,5.177111716621254,96.11716621253406,7.14285714285714
50.3,34.15637860082305,72.96707818930041,3.0660377358490587
64.8,3.934426229508197,97.04918032786885,7.196029776674928
72.2,0.136986301369863,99.8972602739726,3.910438804281835
68.8,0.23446658851113714,99.82415005861665,2.499999999999991
52.0,10.905349794238683,91.82098765432099,-5.48628428927681
53.8,23.12614259597806,82.34277879341865,-0.4761904761904745
41.7,34.624896949711456,72.56883759274527,5.781584582441135
58.1,29.508196721311474,76.91803278688525,-7.536231884057976
59.0,36.51226158038147,70.96457765667576,9.259259259259256
52.1,71.19341563786008,39.925925925925924,-10.242587601078167
60.6,55.08196721311476,54.42622950819672,-0.5714285714285672
69.7,92.46575342465754,19.534246575342465,-8.108108108108103
57.5,84.05627198124267,27.943728018757326,-22.082018927444793
73.6,95.06172839506173,16.938271604938265,-1.3574660633484115
44.6,99.54296160877514,12.457038391224856,-22.666666666666668
43.4,99.91755976916735,12.082440230832646,3.7593984962405846
52.8,31.967213114754102,74.827868852459,70.70771815388646
51.3,93.18801089918256,18.811989100817442,-2.1255060728744946
37.5,97.11934156378601,14.880658436213992,8.127809500668203
68.6,76.22950819672131,35.39344262295082,32.21192914025679
71.8,47.397260273972606,61.342465753424655,-10.820945035859753
71.4,36.694021101992966,70.81008206330598,-23.763631752472747
56.3,25.617283950617285,80.2253086419753,-19.559422587493515
43.3,42.413162705667276,65.82815356489945,-6.9357366771159885
59.1,40.3957131079967,67.64385820280297,9.816157078184462
68.2,53.68852459016394,55.68032786885246,77.15736944307794
57.5,88.28337874659401,23.71662125340599,-17.796610169491533
69.8,16.872427983539097,87.34567901234567,-1.6129032258064502
66.7,4.426229508196721,96.68032786885246,0.9345794392523477
69.1,23.28767123287671,82.20547945205479,1.823708206686936
69.0,7.033997655334115,94.72450175849941,-18.272425249169434
66.3,7.4074074074074066,94.44444444444444,-27.835051546391753
47.9,39.853747714808044,68.12431444241317,0.917431192660545
57.3,83.84171475680132,28.158285243198677,40.000000000000014
45.1,74.18032786885246,37.23770491803279,24.104234527687307
61.0,55.04087193460491,54.463215258855584,0.5494505494505475
60.4,96.70781893004116,15.292181069958843,26.764705882352935
54.4,92.78688524590164,19.213114754098356,4.8034934497816595
72.2,0.547945205479452,99.58904109589041,4.245283018867907
61.9,13.247362250879249,90.06447831184056,130.63063063063063
72.6,18.106995884773664,86.41975308641975,-20.72617246596067
43.7,28.336380255941503,77.91407678244973,-20.47026279391425
48.7,28.52431986809563,77.75432811211871,-2.877697841726623
63.2,68.85245901639344,42.032786885245905,45.80152671755724
71.3,45.23160762942779,63.29155313351499,-26.95035460992907
59.4,70.90163934426229,40.18852459016394,24.020152770743962
72.3,65.12261580381471,45.38964577656676,7.8616352201257955
58.9,25.102880658436217,80.66255144032921,3.9589408401952797
66.0,3.7704918032786887,97.17213114754098,0.38461538461538325
70.7,6.712328767123288,94.96575342465754,0.3546344284947267
59.6,4.4548651817116065,96.6588511137163,1.6949152542372836
54.1,38.168724279835395,69.55658436213992,-13.46602756388069
56.1,37.202925045703836,70.37751371115174,-12.781954887218049
55.2,12.036273701566365,90.97279472382523,4.4157496888888925
73.0,6.967213114754098,94.77459016393442,-4.357819652327466
58.3,22.615803814713896,82.77656675749319,4.243281471004234
63.6,5.349794238683128,95.98765432098766,4.9844111407160385
55.2,16.885245901639344,87.3360655737705,6.442166910688152
61.5,43.83561643835616,64.54794520547945,6.822394783218133
63.0,39.507620164126614,68.41852286049237,6.7371202113606365
37.5,99.48559670781893,12.514403292181072,-19.35717001802162
45.3,99.81718464351006,12.18281535648994,-5.886792452830192
73.7,81.53338829348722,30.46661170651278,10.917156268855166
71.5,20.081967213114755,84.93032786885246,-12.838606874573188
45.5,47.41144414168937,61.32970027247956,-15.027208036835493
54.4,7.818930041152264,94.1358024691358,50.49299429164507
68.3,27.049180327868854,79.00819672131148,-12.562713224964895
72.4,1.5068493150684932,98.86986301369863,-16.508488570558523
66.7,1.406799531066823,98.94490035169989,-21.511664089103423
71.0,0.411522633744856,99.69135802469135,4.404021062709429
63.1,11.060329067641682,91.70475319926874,0.0400962309542896
70.7,0.9892827699917559,99.25803792250618,16.12595419847327
61.4,90.57377049180327,21.426229508196727,18.287329213036774
69.2,62.67029972752044,47.596730245231605,37.001897533206815
68.6,55.349794238683124,54.18518518518519,4.819283628830084
63.7,39.34426229508197,68.55737704918033,23.32730560578662
69.3,50.54794520547945,58.50684931506849,-1.2947703679063727
68.0,20.164126611957798,84.86049237983588,-4.444444444444451
68.9,34.05349794238683,73.0545267489712,-16.18154168248005
45.1,66.63619744058501,44.02742230347349,-10.374149659863951
65.9,12.778235779060182,90.41632316570487,18.78914405010439
57.9,13.114754098360656,90.1639344262295,-12.204590461401576
70.0,7.3569482288828345,94.48228882833787,63.793103448275865
54.8,96.91358024691358,15.086419753086417,21.087631906519167
53.7,94.91803278688525,17.08196721311475,-5.204460966542756
77.3,59.589041095890416,50.36986301369863,31.400884308657172
74.4,46.07268464243845,62.53458382180539,-12.015503875968992
50.9,54.218106995884774,55.2037037037037,-5.9497998095361275
59.1,63.89396709323584,46.49542961608775,12.88278775079199
74.7,49.87633965375103,59.11129431162407,19.069747485984866
59.9,41.80327868852459,66.37704918032787,58.83306320907617
67.4,85.28610354223434,26.713896457765657,-12.382739212007522
60.5,62.757201646090536,47.51851851851852,25.0348781616869
67.6,48.032786885245905,60.77049180327869,2.666666666666684
77.3,7.9452054794520555,94.04109589041096,-6.706408345752612
71.3,2.813599062133646,97.88980070339977,-17.224080267558538
74.3,0.720164609053498,99.45987654320987,-1.250306062084583
41.7,37.47714808043875,70.14442413162706,-12.349397590361455
71.8,9.315746084089035,93.01319043693323,13.653136099317575
69.2,69.67213114754098,41.295081967213115,12.347886077989823
69.1,33.787465940054496,73.28065395095368,31.026615969581762
66.2,19.958847736625515,85.03086419753086,-6.755629691409515
58.6,10.819672131147541,91.88524590163934,7.959743824336707
73.6,3.5616438356164384,97.32876712328768,22.47838616714697
60.9,47.47948417350528,61.26846424384525,27.096273291925456
62.4,71.29629629629629,39.833333333333336,-16.315505132360887
67.4,53.65630712979891,55.70932358318098,-2.5625744934445804
64.0,40.23083264633141,67.79225061830174,23.694244386612606
48.3,25.81967213114754,80.05327868852459,-25.58194206295371
49.2,18.80108991825613,85.8991825613079,-8.768406961178044
70.6,1.8518518518518516,98.61111111111111,30.288353226644006
56.2,21.147540983606557,84.02459016393442,1.7954722872755458
75.6,3.1506849315068495,97.63698630136986,-20.25901942645699
55.4,13.012895662368113,90.24032825322391,-16.50485436893203
77.8,0.30864197530864196,99.76851851851852,-13.219284603421455
45.0,14.168190127970751,89.37385740402193,-15.078236130867717
56.1,24.154987633965376,81.46826051112943,19.738988580750405
70.0,16.93548387096774,87.29838709677419,-24.95210727969348
71.6,3.7037037037037033,97.22222222222223,-8.96734029416314
52.3,41.917808219178085,66.27397260273972,15.978330264544716
61.5,49.3801652892562,59.557851239669425,11.712592774261577
67.8,5.327868852459016,96.00409836065573,24.460431654676263
65.7,80.38147138964578,31.61852861035422,-4.843304843304841
62.7,34.36213991769547,72.79218106995884,1.980198019801982
59.4,40.16393442622951,67.85245901639344,6.578947368421062
61.6,68.4931506849315,42.35616438356164,-6.764705882352939
66.2,6.565064478311841,95.07620164126612,-3.401360544217691
77.0,65.74074074074075,44.83333333333333,-8.906882591093124
51.6,97.62340036563072,14.376599634369285,-15.264797507788153
64.3,98.92827699917561,13.071723000824392,15.98513011152416
63.6,24.18032786885246,81.44672131147541,0.49356074862614285
57.9,53.13351498637602,56.17983651226158,12.742382271468156
63.5,73.4567901234568,37.88888888888888,-4.318520891994382
53.2,79.50819672131148,32.44262295081967,6.372549019607843
58.4,85.34246575342466,26.657534246575338,29.450445906139876
59.4,95.1934349355217,16.806565064478306,-24.693520140105075
73.2,40.63786008230453,67.42592592592592,-13.196836555728353
27.6,97.71480804387569,14.285191956124308,-19.45854483925551
34.3,99.34047815333884,12.659521846661164,-12.216094128249166
71.1,4.918032786885246,96.31147540983606,-1.0037989751415566
67.4,18.80108991825613,85.8991825613079,3.292682926829271
63.0,4.11522633744856,96.91358024691358,10.055441922229335
60.3,9.836065573770492,92.62295081967213,-2.639296187683282
52.5,9.315068493150685,93.01369863013699,-2.0350001569055753
67.3,3.6342321219226257,97.27432590855803,-5.714285714285716
72.3,0.51440329218107,99.6141975308642,-0.4010067339480061
48.5,27.513711151736747,78.61334552102376,-8.902134171863363
66.2,11.294311624072547,91.5292662819456,19.5511161498781
69.4,3.6885245901639343,97.23360655737704,-7.535165954525702
51.6,74.38692098092643,37.05177111716621,-6.279069767441858
50.4,63.580246913580254,46.77777777777777,37.96641336670723
68.5,70.32786885245902,40.704918032786885,8.078750848608273
70.4,88.4931506849315,23.506849315068493,-11.941922574520058
62.9,71.86400937866354,39.32239155920281,-14.078374455732945
66.9,20.061728395061728,84.94753086419753,-28.03442419126837
31.6,56.48994515539305,53.159049360146255,-0.511322132943759
66.9,62.57213520197856,47.6850783182193,-12.343052995187275
66.0,5.737704918032787,95.69672131147541,2.806041553510985
65.8,1.9073569482288828,98.56948228882834,3.8961038961039085
73.9,3.292181069958848,97.53086419753086,1.5066006473933413
54.1,15.901639344262295,88.07377049180327,34.421364985163194
72.2,25.89041095890411,79.9931506849315,-0.7772736202727226
72.3,11.371629542790153,91.47127784290738,-3.92749244712991
78.9,0.0,100.0,-16.216241041033687
49.0,62.24862888482633,47.9762340036563,-18.854415274463022
74.8,40.98360655737705,67.11475409836065,-82.31292517006803
46.8,6.967213114754098,94.77459016393442,12.090614294985414
62.6,13.623978201634879,89.78201634877384,-27.180722891566255
64.0,4.732510288065844,96.45061728395062,9.784437140852953
69.0,9.508196721311474,92.8688524590164,18.813978115072373
63.7,28.767123287671232,77.54794520547945,-20.019436345966955
51.6,43.61078546307151,64.75029308323565,-32.05128205128205
56.3,7.613168724279835,94.29012345679013,-20.716976561296953
42.0,47.44058500914077,61.30347349177331,26.357938718662965
72.3,53.66859027205276,55.69826875515251,23.204596233641883
63.3,12.295081967213115,90.77868852459017,5.397259653910291
59.0,7.3569482288828345,94.48228882833787,-12.252124645892348
65.7,4.320987654320987,96.75925925925927,24.4425894713024
63.9,13.77049180327869,89.67213114754098,4.545454545454541
71.5,5.89041095890411,95.58219178082192,38.501746510692826
68.0,24.73622508792497,80.97420867526378,22.51223491027734
74.4,32.510288065843625,74.36625514403292,-6.700119259376458
51.3,66.45338208409507,44.19195612431444,-7.430730478589409
60.8,34.21269579554823,72.919208573784,31.56200138738172
66.4,69.26229508196722,41.663934426229496,23.284626827806566
64.3,53.40599455040872,55.93460490463215,0.1865671641791078
60.6,27.36625514403292,78.73868312757202,1.1857677180231674
60.9,24.59016393442623,81.09836065573771,34.88843813387425
74.3,10.95890410958904,91.78082191780823,6.8376068376068355
59.0,58.96834701055099,50.928487690504106,-16.568047337278102
63.7,23.868312757201647,81.7119341563786,-9.873949579831931
41.9,92.04753199268738,19.952468007312618,-11.652265820426544
44.4,88.54080791426216,23.45919208573784,10.036262866632706
47.2,40.16393442622951,67.85245901639344,55.82922824302135
61.0,92.09809264305177,19.90190735694823,-5.377456049638052
67.5,82.3045267489712,29.6954732510288,43.499392466585654
47.7,99.8360655737705,12.163934426229503,18.48937844217151
73.0,97.53424657534246,14.465753424657535,-9.999999999999998
68.5,77.72567409144196,34.046893317702235,-25.939177101967804
75.6,60.288065843621396,49.74074074074074,32.7478042659975
51.0,89.85374771480804,22.146252285191963,-5.777054515866553
29.2,99.91755976916735,12.082440230832646,-21.82389937106919
72.0,2.8688524590163933,97.84836065573771,-6.133625410733856
68.3,3.2697547683923704,97.54768392370572,-3.026315789473677
61.7,3.4979423868312756,97.37654320987654,10.623229461756377
56.3,25.573770491803277,80.26229508196721,8.957219251336902
65.1,38.21917808219178,69.51369863013699,4.628501827040199
71.2,13.130128956623683,90.15240328253223,-8.723135271807836
74.8,0.411522633744856,99.69135802469135,-17.9245283018868
39.9,17.276051188299817,87.04296160877513,-2.0576131687242816
62.5,11.046990931574609,91.71475680131904,9.766763848396497
69.4,32.35294117647059,74.5,-2.764429083366926
58.9,13.903743315508022,89.57219251336899,-9.434252207531557
52.0,18.006430868167204,86.49517684887459,1.8867924528301883
72.4,3.7122969837587005,97.21577726218098,8.549427171850454
70.6,0.9025270758122743,99.32310469314079,12.653778558875239
59.9,59.43536404160476,50.50817236255572,2.8536072437743254
60.0,70.56603773584905,40.49056603773585,4.865556978233032
38.8,94.9671772428884,17.032822757111603,-9.466407758498818
72.4,25.0,80.75,74.97249724972497
19.8,99.72752043596729,12.272479564032707,11.633875106928993
60.5,91.9753086419753,20.024691358024697,111.21235130346747
58.7,96.72131147540983,15.278688524590166,-13.633496676531953
59.8,74.65753424657534,36.8082191780822,-9.11013215859031
73.1,36.22508792497069,71.20867526377492,-16.344010325002934
69.5,21.502057613168724,83.72325102880659,-31.389365351629507
42.3,53.83912248628885,55.54478976234003,-21.305555555555557
72.5,35.9439406430338,71.44765045342128,26.32702053881033
41.2,98.36065573770492,13.639344262295083,2.580689254030877
70.6,43.869209809264305,64.51771117166213,-23.147806855879104
59.1,24.897119341563787,80.83744855967078,-25.23933628169932
61.1,12.622950819672132,90.5327868852459,21.81053203040173
71.2,1.643835616438356,98.76712328767124,-13.05515115706718
76.1,0.23446658851113714,99.82415005861665,-9.350649350649354
49.9,16.56378600823045,87.57716049382717,-27.988663607443943
48.0,24.40585009140768,81.25502742230347,10.988383165111415
65.0,21.10469909315746,84.06100577081615,78.36787536473528
65.8,29.918032786885245,76.56967213114754,-8.56164383561644
63.5,24.52316076294278,81.15531335149863,34.96240601503757
56.7,95.67901234567901,16.320987654320987,-3.9106145251396662
54.9,99.50819672131146,12.491803278688536,19.999999999999996
68.6,98.08219178082192,13.917808219178085,2.4271844660194164
58.3,98.94490035169989,13.055099648300114,-29.126213592233007
75.8,78.70370370370371,33.16666666666666,-16.23931623931624
38.5,99.81718464351006,12.18281535648994,-4.885057471264364
60.3,98.51607584501237,13.483924154987633,3.4852546916890104
71.8,1.639344262295082,98.77049180327869,-7.869249394673117
57.3,16.348773841961854,87.73841961852861,2.420382165605095
62.2,5.555555555555555,95.83333333333333,0.13513513513514486
57.3,10.0,92.5,10.04070556309362
67.1,20.684931506849317,84.41780821917808,2.1356783919598055
53.0,38.921453692848765,68.91676436107855,-20.564042303172748
75.2,2.1604938271604937,98.37962962962963,-11.329305135951662
42.3,46.343692870201096,62.29067641681901,-6.280788177339902
50.5,40.560593569662,67.4954657873042,30.229746070133025
60.5,41.39344262295082,66.74590163934425,2.2157996146435543
64.7,7.629427792915531,94.27792915531336,6.017505470459539
64.5,4.732510288065844,96.45061728395062,-1.7356475300400631
46.0,24.098360655737704,81.51639344262296,12.344280860702161
48.3,82.6027397260274,29.397260273972606,-13.077747147470575
51.5,83.35287221570925,28.647127784290745,-25.44715447154472
72.3,9.465020576131687,92.90123456790124,-14.815823364811775
51.2,26.691042047531994,79.31261425959781,0.35545023696681444
47.2,63.478977741137676,46.86892003297609,13.6150234741784
56.6,34.01639344262295,73.0860655737705,28.372093023255808
68.5,75.47683923705722,36.0708446866485,15.458015267175561
65.1,70.16460905349794,40.851851851851855,-3.085299455535384
65.0,21.803278688524593,83.4672131147541,3.658536585365857
73.8,0.821917808219178,99.38356164383562,-0.4444444444444362
66.8,2.1101992966002343,98.41735052754983,-8.564814814814813
74.8,1.646090534979424,98.76543209876543,-6.5274151436031325
44.7,33.63802559414991,73.40767824497257,-0.638297872340432
69.7,35.53173948887057,71.79802143446001,-1.2875536480686844
16.3,99.59016393442623,12.40983606557377,-23.867069486404834
59.8,86.10354223433242,25.896457765667577,-25.099601593625497
65.6,53.086419753086425,56.222222222222214,35.48387096774195
56.5,69.83606557377048,41.14754098360657,-14.251781472684089
64.0,92.05479452054794,19.945205479452056,-7.100591715976323
63.3,84.05627198124267,27.943728018757326,-35.90504451038575
77.4,35.288065843621396,72.0051440329218,-22.619047619047617
35.1,99.26873857404021,12.731261425959786,-8.437499999999998
60.1,98.51607584501237,13.483924154987633,41.69611307420493
64.7,14.344262295081966,89.24180327868852,-12.363082253191337
67.0,5.177111716621254,96.11716621253406,4.909560723514206
67.7,36.62551440329218,70.86831275720165,-13.003292244228392
40.9,47.704918032786885,61.0655737704918,-1.3333333333333308
65.4,49.45205479452055,59.49315068493151,19.183737929742417
70.3,22.039859320046894,83.26611957796014,-14.945652173913038
74.2,0.823045267489712,99.38271604938272,-14.965846032058783
44.3,61.334552102376605,48.79890310786106,-13.404825737265414
66.2,9.150865622423742,93.1368507831822,23.65930599369086
46.8,91.39344262295081,20.606557377049185,17.74744027303754
63.9,89.10081743869209,22.89918256130791,19.19463087248323
60.0,74.2798353909465,37.148148148148145,-4.477611940298509
59.3,55.08196721311476,54.42622950819672,5.368098159509205
56.6,75.20547945205479,36.31506849315069,-12.48357424441524
65.1,26.377491207502928,79.57913247362251,-4.313099041533541
67.8,20.5761316872428,84.51028806584362,-24.125230202578262
49.7,27.422303473491773,78.691042047532,-13.357400722021662
62.7,30.33800494641385,76.21269579554823,5.860805860805862
65.4,2.0491803278688523,98.46311475409836,0.5543237250554167
65.0,29.155313351498634,77.21798365122616,6.763787721123826
61.2,38.2716049382716,69.46913580246914,-4.000461791196819
52.5,46.0655737704918,62.540983606557376,8.495981630310002
66.1,66.02739726027397,44.57534246575342,3.433001107419731
65.8,90.03516998827668,21.964830011723322,-4.936974789915949
56.7,93.82716049382715,18.17283950617285,-4.5265278690061255
50.0,98.99451553930531,13.005484460694689,10.216998191681714
71.5,76.91673536685903,34.774938169826875,-1.473691030902391
65.8,19.49685534591195,85.37735849056604,4.965357967667416
46.0,65.82733812949641,44.75539568345323,-13.368870763120045
65.6,28.249999999999996,77.9875,-7.805542216854667
65.0,4.046242774566474,96.96531791907515,7.685035915113181
55.0,51.229508196721305,57.89344262295083,-4.620853080568721
49.5,82.83378746594006,29.166212534059937,-6.813186813186811
64.5,38.477366255144034,69.29423868312757,44.85549132947975
69.2,22.131147540983605,83.18852459016394,0.09671179883945502
74.2,0.821917808219178,99.38356164383562,-6.200527704485481
57.2,13.95076201641266,89.5369284876905,-12.531328320802015
66.4,9.25925925925926,93.05555555555556,-11.006711409395976
50.3,32.9981718464351,73.95155393053017,-10.419161676646704
54.5,31.65704863973619,75.09150865622424,7.7180738578947805
52.8,97.95081967213115,14.049180327868854,4.999999999999982
46.4,98.09264305177112,13.90735694822888,-6.849315068493144
45.7,98.76543209876543,13.23456790123457,-4.700854700854695
60.7,74.42622950819671,37.016393442622956,-5.82524271844661
69.4,81.64383561643835,30.356164383561648,5.027932960893855
52.7,97.18640093786635,14.813599062133648,-20.398009950248742
60.7,90.3292181069959,21.670781893004104,-20.12987012987013
39.7,99.17733089579525,12.82266910420475,-12.184873949579833
70.6,88.29348722176422,23.706512778235776,8.465608465608465
69.6,9.426229508196721,92.93032786885246,-5.044510385756684
66.5,5.449591280653951,95.91280653950953,6.109324758842449
48.8,54.52674897119342,54.925925925925924,12.285714285714278
55.6,83.44262295081967,28.55737704918033,5.714285714285716
75.0,23.972602739726025,81.62328767123287,9.798270893371752
34.2,96.01406799531067,15.985932004689332,-20.627802690582964
74.3,0.720164609053498,99.45987654320987,-13.313609467455622
36.5,69.56124314442414,41.39488117001827,-16.301703163017034
38.7,98.68095630667766,13.319043693322342,-2.8747433264887046
68.3,12.244897959183673,90.81632653061224,27.879659367756894
66.8,32.84132841328413,74.08487084870849,0.40733197556006573
66.5,20.716112531969312,84.39130434782608,-9.985420565708425
59.7,30.155642023346303,76.36770428015564,-29.062087186261554
64.3,7.424960505529225,94.43127962085308,-12.471900817111303
45.5,25.43046357615894,80.3841059602649,-2.8376248029427176
52.7,38.672768878718536,69.12814645308924,36.951097903926076
55.0,38.114754098360656,69.60245901639344,-4.032258064516137
44.4,65.9400544959128,44.653950953678475,14.183764495985729
65.1,3.7037037037037033,97.22222222222223,5.6764593083858506
58.6,33.60655737704918,73.4344262295082,2.1641118124436254
68.5,41.369863013698634,66.76712328767123,-12.84658040665434
62.2,7.151230949589683,94.63657678780774,-15.120967741935477
70.0,3.3950617283950617,97.45370370370371,-4.124007540166041
53.4,33.54661791590494,73.4853747714808,6.873822975517907
71.9,20.115416323165704,84.90189612530915,13.303594136935182
67.7,49.59016393442623,59.368852459016395,90.43170546694874
38.9,99.1825613079019,12.817438692098094,-17.129928894634773
62.9,62.96296296296296,47.333333333333336,31.632482451508913
70.7,66.88524590163935,43.803278688524586,-0.9560229445506718
75.8,8.904109589041095,93.32191780821918,-6.49575236818295
53.3,29.191090269636575,77.18757327080891,-20.653594771241835
73.3,0.823045267489712,99.38271604938272,-4.9322329890909895
53.2,31.078610603290674,75.58318098720292,19.628647214854112
68.9,41.71475680131904,66.45671887881286,113.08204981099506
69.4,94.26229508196722,17.737704918032776,-17.370892018779337
62.6,52.58855585831063,56.67029972752044,-3.1847133757961887
59.6,30.65843621399177,75.940329218107,-9.455128205128204
40.5,76.39344262295083,35.245901639344254,-0.8106116433308719
75.4,80.54794520547945,31.45205479452055,10.922330097087386
66.9,49.70691676436108,59.26377491207503,2.922590837282768
73.0,51.74897119341564,57.425925925925924,-28.012279355333835
46.2,52.19378427787934,57.0255941499086,-11.949685534591204
66.1,27.535037098103878,78.5952184666117,6.9809610154125235
65.2,12.666666666666668,90.5,17.816527672479143
63.1,9.157509157509157,93.13186813186813,0.42553191489362874
63.3,6.887755102040815,94.83418367346938,17.707150964812723
54.0,35.27131782945737,72.01937984496124,-2.306920762286857
62.8,20.59748427672956,84.49213836477988,-7.17488789237668
51.5,75.36231884057972,36.17391304347825,3.913043478260869
71.4,56.49202733485193,53.15717539863326,3.6511156186612492
57.7,85.8,26.200000000000003,0.8258774948382674
68.3,75.96067917783735,35.635388739946386,37.36654804270463
49.3,66.80327868852459,43.87704918032787,0.892990356152934
44.5,98.9100817438692,13.089918256130801,19.824140687450043
65.9,66.8724279835391,43.81481481481481,9.56821442299345
62.1,83.27868852459017,28.721311475409834,12.215909090909083
60.7,88.9041095890411,23.0958904109589,-2.2580033700687063
55.2,88.51113716295428,23.488862837045716,24.927028604786905
60.9,97.11934156378601,14.880658436213992,1.9232859939926517
66.6,87.47714808043877,24.522851919561234,-6.543321299638993
45.1,83.84171475680132,28.158285243198677,-0.8229310915495169
49.7,96.72131147540983,15.278688524590166,48.82150041969786
49.5,93.73297002724796,18.26702997275204,-22.28116710875331
57.3,46.09053497942387,62.51851851851852,-1.7434510901723987
59.5,38.0327868852459,69.672131147541,12.30893000804505
72.5,19.17808219178082,85.61643835616438,-1.1754957742544314
69.5,15.005861664712777,88.74560375146541,-10.756302521008399
73.7,0.205761316872428,99.84567901234568,-17.249427407032126
55.4,11.70018281535649,91.22486288848263,9.808612440191379
66.8,21.10469909315746,84.06100577081615,99.54039487619619
63.8,36.47540983606557,70.99590163934427,-13.040390556822834
61.3,12.534059945504087,90.59945504087193,-12.502134927412467
64.4,6.378600823045268,95.21604938271605,0.7713298146416081
53.5,24.75409836065574,80.95901639344262,11.222493887530582
69.3,20.136986301369863,84.88356164383562,-19.02209555315707
72.1,0.5861664712778429,99.56037514654162,-20.9037711313394
74.7,0.0,100.0,-21.406916104520157
36.1,19.83546617915905,85.12340036563072,-1.3082322910019095
66.4,14.344600164880461,89.24154987633966,43.35392914827607
48.4,58.19672131147541,51.622950819672134,-5.322735989451843
35.2,98.9100817438692,13.089918256130801,18.40077071290942
67.8,73.66255144032921,37.70370370370371,2.362602428827465
50.7,86.39344262295083,25.60655737704917,-2.2977941176470673
60.2,92.19178082191782,19.808219178082183,-16.72246195885044
54.9,77.13950762016412,34.574443141852285,-12.110726643598612
64.3,50.308641975308646,58.72222222222222,-8.938898141137763
50.3,72.85191956124314,38.43327239488118,-14.454775993237522
54.8,31.162407254740316,75.51195383347073,8.160021156448094
63.0,35.24590163934426,72.04098360655738,-15.233581584292487
47.0,37.87465940054496,69.80653950953679,2.3333333333333206
59.4,37.65432098765432,69.99382716049382,16.05124340617936
65.5,55.24590163934426,54.278688524590166,8.029197080291972
58.9,79.31506849315069,32.61643835616438,-3.8675742574257432
53.2,92.4970691676436,19.502930832356398,-21.407624633431077
71.6,53.39506172839506,55.94444444444444,-10.169491525423735
62.7,67.3674588665448,43.36928702010969,-9.970457902511075
65.4,55.89447650453421,53.69497114591921,13.388573920628
54.8,44.26229508196721,64.16393442622952,-6.705539358600577
65.9,35.42234332425068,71.89100817438693,-0.3048780487804881
39.2,87.65432098765432,24.345679012345684,7.8328981723237545
53.1,98.85245901639344,13.14754098360656,95.27559055118111
71.7,86.7123287671233,25.287671232876704,7.831325301204828
61.1,77.60844079718639,34.15240328253225,-26.39517345399698
75.5,58.744855967078195,51.12962962962962,-13.180931964334198
23.1,98.26325411334552,13.736745886654475,-22.29729729729729
64.1,75.35037098103875,36.18466611706513,3.5116217201395017
46.6,27.559055118110237,78.5748031496063,-14.120301301366034
41.1,63.2,47.12,-30.209933435739888
50.3,13.821138211382115,89.6341463414634,9.41176470588234
37.9,48.275862068965516,60.55172413793103,-7.801195344447942
71.1,6.035889070146819,95.47308319738988,4.9572283356409175
70.3,21.603260869565215,83.63722826086956,-29.012345679012352
74.5,0.5847953216374269,99.56140350877193,-22.53711201079622
51.0,10.849539406345956,91.86284544524054,-7.600281491907113
50.3,30.2007299270073,76.3293795620438,22.799343903772563
64.7,6.622516556291391,95.03311258278146,0.7945516458569779
68.7,8.02919708029197,93.97810218978103,-3.1515151515151607
53.8,5.597964376590331,95.80152671755725,-7.578008915304613
67.2,3.67504835589942,97.24371373307544,3.466204506065851
71.4,0.15698587127158556,99.88226059654632,-4.1751083619950276
69.4,0.0,100.0,-3.476482617586907
74.2,3.6405005688282137,97.26962457337883,-5.875821750044963
47.9,28.87112887112887,77.45954045954046,-9.95575221238938
62.6,20.357142857142858,84.69642857142857,4.120275198479084
68.7,15.163934426229508,88.62704918032787,-2.8475711892797295
69.7,9.536784741144414,92.84741144414168,7.996146435452789
60.3,54.32098765432099,55.111111111111114,22.124756335282658
49.7,99.01639344262296,12.983606557377044,13.146233382570172
47.3,99.58904109589041,12.410958904109592,-12.478632478632479
58.4,81.00820633059789,30.991793669402114,-12.444444444444436
73.6,55.24691358024691,54.27777777777778,-1.7458424001385642
44.9,78.06215722120659,33.744058500914065,-11.570743405275785
65.4,56.0593569661995,53.54657873042045,7.767888590830396
42.7,88.9344262295082,23.065573770491795,56.55781611135444
58.3,83.65122615803816,28.348773841961844,-5.45527476935418
65.5,38.2716049382716,69.46913580246914,0.9524530877606185
59.3,66.72131147540983,43.950819672131146,11.556791104050834
50.1,86.57534246575342,25.424657534246577,-28.86167043663378
50.5,46.424384525205156,62.21805392731536,-17.151379567486945
60.5,15.534979423868311,88.34876543209876,-9.500315720624942
59.2,22.6691042047532,82.73126142595979,-9.899328859060407
61.4,3.6273701566364385,97.27947238252267,10.803059273422576
68.7,10.245901639344263,92.3155737704918,16.95015173262897
46.5,91.28065395095368,20.719346049046322,-7.1499503475670245
62.4,25.925925925925924,79.96296296296296,-4.895669383031986
63.4,3.4426229508196724,97.41803278688525,4.844720496894395
71.2,2.73972602739726,97.94520547945206,-9.265552553356294
69.4,0.3516998827667058,99.73622508792496,3.7518037518037506
50.5,18.209876543209877,86.3425925925926,-4.552414219288514
58.0,26.508226691042047,79.46800731261426,1.5801354401805856
61.9,24.97938994229184,80.76751854905194,6.337447245773564
72.3,13.114754098360656,90.1639344262295,-5.157335590743273
61.5,66.21253405994551,44.40871934604904,-5.909980430528384
53.8,34.15637860082305,72.96707818930041,-12.230206765609019
56.4,8.360655737704919,93.72950819672131,1.4508328855454167
69.4,0.684931506849315,99.48630136986301,13.9289025967678
71.1,0.8206330597889802,99.38452520515827,0.057903879559928484
71.6,0.6172839506172839,99.53703703703704,-10.575353308007095
50.0,11.974405850091408,91.01919561243145,3.617269544924162
66.4,14.097279472382523,89.4270403957131,8.927263992471147
68.1,91.80327868852459,20.196721311475414,-64.86486486486487
67.6,27.459016393442624,78.65983606557377,-7.58320407356905e-05
66.0,20.708446866485016,84.39782016348774,20.812182741116757
63.0,67.6954732510288,43.074074074074076,-2.0811982774498805
59.7,37.213114754098356,70.3688524590164,3.597122302158273
65.9,89.58904109589041,22.41095890410959,0.7399554969498956
65.9,20.63305978898007,84.46189917936694,-0.936768149882905
68.8,31.48148148148148,75.24074074074073,4.701185561031362
51.9,96.70932358318099,15.29067641681901,-9.881422924901184
66.2,33.30585325638912,73.69002473206925,22.397644499027525
47.3,54.50819672131148,54.94262295081967,30.928932788778773
59.6,84.19618528610354,27.803814713896458,13.948919449901753
73.3,43.82716049382716,64.55555555555556,-13.026895966201346
68.6,6.065573770491803,95.45081967213115,29.005751848808558
56.6,71.5068493150685,39.64383561643836,-0.7263922518159771
66.2,51.1137162954279,57.99765533411489,-20.151133501259455
73.1,2.983539094650206,97.76234567901234,-16.08832807570979
46.8,12.431444241316271,90.6764168190128,-6.217616580310892
55.0,11.129431162407254,91.65292662819456,15.467239527389886
26.8,97.54098360655738,14.459016393442624,-37.56756756756757
59.5,71.38964577656675,39.74931880108992,20.088300220750543
62.5,76.74897119341564,34.925925925925924,13.681592039801016
59.3,93.27868852459017,18.721311475409834,6.013363028953211
70.5,97.3972602739726,14.602739726027394,2.8708133971291794
67.8,97.30363423212192,14.696365767878078,-27.65486725663716
72.6,53.086419753086425,56.222222222222214,-9.63302752293579
45.5,92.41316270566728,19.586837294332724,47.5836431226766
69.0,96.7848309975268,15.215169002473203,57.72151898734177
45.4,97.1311475409836,14.868852459016395,35.72150266437111
68.7,68.93732970027247,41.95640326975477,12.016293279022406
61.3,43.415637860082306,64.92592592592592,6.273296338764811
44.2,91.14754098360656,20.85245901639344,12.588538312942688
40.9,99.31506849315068,12.684931506849324,-33.8274844670453
52.1,86.51817116060961,25.48182883939039,-15.548098434004476
57.1,76.440329218107,35.2037037037037,-19.490651917963664
62.7,74.77148080438756,36.705667276051194,-7.446153846153846
40.2,41.87963726298434,66.30832646331409,34.170053494131224
55.8,34.83606557377049,72.38934426229508,-7.376001701187162
55.3,31.88010899182561,74.90190735694823,56.060606060606055
63.3,63.16872427983539,47.14814814814815,-10.534386111751381
58.5,55.57377049180327,53.98360655737705,8.652246256239614
69.8,63.287671232876704,47.041095890410965,16.40759930915372
58.7,93.43493552168816,18.56506447831184,-39.44687045123726
72.7,8.23045267489712,93.82716049382717,-13.461538461538458
45.2,77.87934186471664,33.90859232175502,5.141843971631199
47.5,99.34047815333884,12.659521846661164,33.72781065088757
57.3,31.147540983606557,75.52459016393442,-2.416356877323411
54.2,50.95367847411444,58.141689373297005,5.853658536585371
62.8,3.7037037037037033,97.22222222222223,11.189492487875308
70.9,13.442622950819672,89.91803278688525,3.4170153417015348
65.6,19.17808219178082,85.61643835616438,-2.0086083213773365
49.1,56.62368112543963,53.038686987104334,-34.01592718998862
74.2,1.440329218106996,98.91975308641975,-16.602867860580005
43.4,32.63254113345521,74.26234003656307,9.141940657578186
63.3,42.126957955482276,66.08573784006595,22.05989773557342
61.2,40.94488188976378,67.14960629921259,-12.216727351774349
58.6,21.951219512195124,83.34146341463415,4.880617977528079
51.1,35.67567567567568,71.67567567567568,16.2919424788861
74.1,2.0408163265306123,98.46938775510205,10.98773869549079
57.7,21.37030995106036,83.83523654159869,-6.834532374100721
46.7,35.79234972677596,71.57650273224043,1.3669462561229695
51.8,73.53629976580797,37.81733021077283,4.619963369963376
34.4,94.55292908530318,17.447070914696823,-4.380404406934069
57.5,53.278688524590166,56.049180327868854,31.732867743343498
53.2,92.91553133514986,19.084468664850135,-19.918699186991873
63.3,8.024691358024691,93.98148148148148,12.08084519981627
48.5,20.0,85.0,-2.2852306390181987
72.8,0.136986301369863,99.8972602739726,10.690537084398976
74.8,0.0,100.0,-9.12364945978391
72.3,0.30864197530864196,99.76851851851852,-33.85772913816689
53.7,8.86654478976234,93.35009140767825,10.244648318042815
39.2,29.183841714756802,77.19373454245672,115.19208381839347
48.7,74.18032786885246,37.23770491803279,-19.515885022692892
67.9,65.12261580381471,45.38964577656676,0.0
56.8,37.03703703703704,70.51851851851852,1.3779527559055094
66.1,18.19672131147541,86.35245901639344,21.51898734177213
47.2,98.76712328767124,13.23287671232876,-9.799789251844038
67.6,84.75967174677609,27.240328253223907,-3.117206982543641
72.2,64.40329218106996,46.03703703703704,-16.819571865443418
32.7,92.3217550274223,19.6782449725777,-1.1815252416756294
51.9,97.60923330585327,14.390766694146734,-0.19960079840318778
53.0,43.85245901639344,64.53278688524591,-5.322687949554616
56.0,41.14441416893733,66.97002724795641,12.10884353741497
65.8,24.074074074074073,81.53703703703704,5.7403272309997755
61.1,24.42622950819672,81.23770491803279,4.969879518072284
71.3,19.863013698630137,85.1027397260274,-0.4716981132075526
51.2,59.90621336459554,50.08440797186402,-38.382352941176464
65.1,4.320987654320987,96.75925925925927,-1.5826197414476106
45.5,76.50822669104204,35.14259597806216,-14.032496307237807
25.9,99.58779884583677,12.412201154163228,-8.691983122362867
69.6,7.377049180327869,94.4672131147541,-1.1658659534976135
65.0,7.901907356948229,94.07356948228883,11.179173047473201
62.0,6.790123456790123,94.9074074074074,30.59964930016339
42.8,98.52459016393442,13.47540983606558,10.40799333888427
66.4,85.47945205479452,26.52054794520548,-9.551886792452835
57.2,70.926143024619,40.1664712778429,-16.983523447401762
57.4,73.14814814814815,38.166666666666664,-34.50201446578494
44.9,50.6398537477148,58.42413162705668,-14.683153013910355
66.5,20.280296784831,84.76174773289365,12.779199585318612
59.2,47.950819672131146,60.84426229508197,56.04142692750287
69.9,79.56403269754769,32.392370572207085,17.277992277992272
71.7,26.954732510288064,79.08847736625515,39.793095541057696
54.7,94.42622950819673,17.573770491803273,17.133105802047787
73.2,76.3013698630137,35.32876712328767,-16.297634928629623
63.7,45.01758499413834,63.48417350527549,8.354646206308614
44.4,96.29629629629629,15.70370370370371,-16.398058317643095
54.5,88.20840950639854,23.79159049360146,11.409395973154357
55.0,96.70239076669415,15.297609233305849,18.65917597442963
60.1,85.65573770491804,26.34426229508196,20.176730486008832
53.7,93.46049046321527,18.539509536784735,-15.217391304347828
64.7,4.938271604938271,96.29629629629629,31.84382204180476
67.8,19.18032786885246,85.61475409836066,13.069016152716607
69.1,9.726027397260275,92.70547945205479,-2.8735632183908066
61.1,14.302461899179367,89.27315357561548,-5.691056910569103
45.5,98.35390946502058,13.646090534979422,-4.112554112554112
46.7,98.90310786106032,13.09689213893968,11.937278705108767
68.1,89.61253091508657,22.387469084913434,34.534646738644966
61.6,33.19672131147541,73.7827868852459,14.49704142011834
61.2,48.77384196185286,60.10354223433242,10.848400556328253
55.6,27.983539094650205,78.21399176954732,34.59302325581397
59.0,73.60655737704917,37.754098360655746,12.004801920768315
64.4,62.6027397260274,47.65753424657534,-12.209302325581394
54.4,32.4736225087925,74.39742086752638,-22.748815165876778
46.9,77.05761316872429,34.64814814814814,-26.790971540726204
38.9,84.0036563071298,27.996343692870198,6.873822975517907
68.0,46.0840890354493,62.52431986809563,13.818860877684402
47.6,46.31147540983606,62.31967213114754,-12.292635875504876
64.4,12.806539509536785,90.3950953678474,6.372549019607843
26.2,99.79423868312757,12.205761316872426,-25.923843332661857
25.9,99.672131147541,12.327868852459005,-24.069148936170215
69.3,75.47945205479452,36.06849315068493,-12.857721777969777
51.2,74.20867526377492,37.21219226260257,-22.550831792975966
74.6,3.0864197530864197,97.68518518518519,-16.94888067617312
40.1,73.94881170018282,37.446069469835464,16.25514403292181
53.8,94.39406430338005,17.60593569661995,24.32432432432432
53.9,71.31147540983606,39.81967213114754,31.247870694074486
51.8,98.63760217983652,13.36239782016348,-10.616563298066406
60.6,67.07818930041152,43.629629629629626,12.28864017911826
54.9,61.967213114754095,48.22950819672131,-1.542983100661277
58.2,57.80821917808219,51.97260273972603,-10.345518208843728
71.8,14.419695193434936,89.1852286049238,-11.365638766519826
54.8,31.584362139917694,75.15329218106996,-19.043500461477937
54.7,6.489945155393053,95.1325411334552,-7.3076923076923155
38.9,68.42539159109646,42.41714756801319,-5.4377894128989634
66.0,4.508196721311475,96.6188524590164,2.13385063045588
45.7,32.9700272479564,73.97547683923706,-0.7117437722420017
51.7,5.1440329218107,96.14197530864197,31.463926893727255
69.8,28.688524590163933,77.61475409836066,-3.6363636363636376
29.9,76.71232876712328,34.95890410958905,32.27196693153691
60.2,97.06916764361078,14.930832356389217,-20.263591433278417
76.7,69.44444444444444,41.5,-29.98339016113848
59.0,58.04387568555759,51.76051188299817,46.49425287356321
74.0,71.80544105523495,39.375103050288544,15.054300003804165
74.7,0.0,100.0,-1.1570060553040995
66.3,9.90566037735849,92.57075471698113,-10.148514851485157
76.8,0.30120481927710846,99.77409638554217,12.285136900632043
74.5,0.43956043956043955,99.67032967032966,-4.363636363636358
72.1,0.0,100.0,-4.871625365907328
56.7,16.091954022988507,87.93103448275862,-7.039560286316537
50.9,18.650306748466257,86.0122699386503,5.253039235654855
62.2,25.81967213114754,80.05327868852459,20.765676264885858
57.6,36.78474114441417,70.73297002724796,-7.6815642458100575
60.2,5.967078189300412,95.5246913580247,13.374448233083381
66.4,17.868852459016395,86.59836065573771,8.655332302936646
64.9,25.47945205479452,80.34246575342466,2.621796046168101
60.2,30.011723329425553,76.49003516998827,-12.518409425625931
41.0,98.76543209876543,13.23456790123457,-6.284399356613268
36.6,99.54296160877514,12.457038391224856,-19.1983832940384
66.7,89.61253091508657,22.387469084913434,22.67969075732936
65.9,70.90163934426229,40.18852459016394,44.220132743362825
58.8,94.27792915531336,17.72207084468664,-12.787676317743124
64.4,2.880658436213992,97.8395061728395,27.43582666298647
69.8,8.524590163934425,93.60655737704919,3.8218053927315365
73.8,0.9589041095890412,99.28082191780823,-4.910213243546568
72.5,0.5861664712778429,99.56037514654162,-11.308466548253405
73.0,3.189300411522634,97.60802469135803,-11.846435100548447
54.6,19.83546617915905,85.12340036563072,-2.6526046660274916
34.5,55.89447650453421,53.69497114591921,31.585623678646947
64.5,9.01639344262295,93.23770491803279,2.7975077230118828
52.9,37.60217983651226,70.03814713896458,4.908835904628339
69.3,4.11522633744856,96.91358024691358,-2.852049910873433
66.8,5.737704918032787,95.69672131147541,25.187969924812027
46.7,76.98630136986301,34.71232876712329,-15.76872536136662
64.7,72.09847596717468,39.11137162954279,-21.912350597609553
76.5,1.02880658436214,99.22839506172839,-18.372093023255808
16.2,99.3601462522852,12.639853747714795,-23.26530612244898
66.1,83.92415498763397,28.07584501236603,175.9163979613441
66.8,0.9852216748768473,99.26108374384236,-6.8852459016393475
64.1,4.9079754601226995,96.31901840490798,-3.882099209202028
65.3,5.617977528089887,95.78651685393258,-1.2444533042971884
58.7,18.629173989455182,86.02811950790861,3.2258064516129004
71.4,2.0319303338171264,98.47605224963715,1.848625082200961
57.7,17.24137931034483,87.06896551724138,-8.43881856540084
59.6,51.127819548872175,57.98496240601504,-26.5498652291105
55.8,17.094017094017094,87.17948717948718,-3.3463035019455245
68.3,1.4505119453924915,98.91211604095564,16.613815553319334
54.7,38.114754098360656,69.60245901639344,12.730112742606048
61.0,17.983651226158038,86.51226158038148,22.644927536231883
44.9,87.24279835390946,24.757201646090536,-10.830860534124632
55.6,45.40983606557377,63.131147540983605,13.10679611650485
72.1,4.10958904109589,96.91780821917808,-0.34188034188034067
51.8,29.425556858147715,76.98827667057444,-28.180354267310793
58.5,3.292181069958848,97.53086419753086,-14.197530864197539
36.0,20.20109689213894,84.8290676416819,-13.089005235602091
54.6,24.97938994229184,80.76751854905194,29.27689594356262
30.0,61.885245901639344,48.30327868852459,-22.316993950340137
53.0,44.4141689373297,64.02724795640327,-8.126901347240324
67.0,4.11522633744856,96.91358024691358,8.387451690455672
56.3,23.934426229508198,81.65573770491804,12.657004830917874
70.8,25.068493150684933,80.6917808219178,3.275632278908591
57.7,44.54865181711606,63.906213364595544,-23.150457190357443
61.0,18.72427983539095,85.95679012345678,-11.054870543469164
46.7,75.41133455210237,36.12979890310786,3.7649979313198134
49.7,90.35449299258038,21.645507007419624,20.464054773678207
60.3,13.253012048192772,90.06024096385542,-5.405405405405405
61.3,29.7029702970297,76.75247524752476,-34.63217048709705
48.2,57.098765432098766,52.611111111111114,60.28708133971292
60.8,78.3295711060948,33.50338600451468,74.46745593162329
66.6,11.475409836065573,91.39344262295081,-10.618066561014272
56.6,23.705722070844686,81.85013623978202,-3.1598513011152463
16.0,99.79423868312757,12.205761316872426,16.937500000000007
69.7,83.44262295081967,28.55737704918033,-10.511159107271418
72.7,66.02739726027397,44.57534246575342,1.0152284263959421
68.0,59.67174677608441,50.29542790152403,-12.289395441030726
58.6,60.49382716049383,49.55555555555556,-8.331622429849961
38.5,81.35283363802559,30.647166361974413,-16.091441629252433
65.2,57.62572135201979,52.13685078318219,3.5616933347291546
63.8,23.36065573770492,82.14344262295081,60.530421216848666
39.2,99.1825613079019,12.817438692098094,17.048710601719197
59.9,88.06584362139918,23.934156378600818,-24.85768500948766
59.3,59.01639344262295,50.885245901639344,61.7968094038623
70.9,38.63013698630137,69.16438356164383,-8.821788040260515
75.5,0.11723329425556857,99.91207502930833,-7.074721780604143
44.1,11.728395061728394,91.20370370370371,-16.41870350690754
52.4,16.087751371115175,87.93418647166362,11.902286902286917
70.8,8.32646331409728,93.75515251442704,60.307366189719126
56.8,40.16393442622951,67.85245901639344,-3.323029619089679
63.1,34.87738419618528,72.35422343324251,17.8500986193294
61.6,48.76543209876543,60.111111111111114,-2.3465521447937676
55.4,25.901639344262296,79.98360655737704,8.739837398373961
72.2,6.301369863013699,95.27397260273972,15.527351574019432
45.9,48.18288393903868,60.63540445486519,-28.638941398865782
63.6,3.3950617283950617,97.45370370370371,-14.952395659959272
45.3,22.120658135283364,83.19744058500915,-10.070493454179264
51.5,26.628194558944767,79.36603462489695,13.83709519136409
60.5,75.0,36.5,199.37722419928826
69.1,73.29700272479565,38.03269754768392,6.43786982248522
32.7,88.68312757201646,23.31687242798354,2.8395333480079277
69.7,54.75409836065573,54.72131147540984,-15.101553166069293
76.4,14.657534246575343,89.0068493150685,-6.454918032786871
71.6,3.6342321219226257,97.27432590855803,-17.87807737397422
71.8,1.337448559670782,98.99691358024691,-26.275704493526277
50.9,9.87202925045704,92.59597806215722,-12.012728719172628
57.4,20.85737840065952,84.2712283594394,5.36636689770722
60.7,24.59016393442623,81.09836065573771,-4.634614418351712
57.6,59.945504087193456,50.04904632152589,24.31561996779388
66.2,65.84362139917695,44.74074074074074,-2.548629190578011
48.7,73.9344262295082,37.45901639344262,63.57243319268635
68.0,91.5068493150685,20.493150684931507,50.270455725892106
69.0,86.98710433763188,25.012895662368123,-5.341712490180683
73.4,75.8230452674897,35.75925925925927,-18.161206459214174
47.6,96.16087751371116,15.839122486288844,55.79567779960708
75.6,94.22918384171476,17.770816158285243,18.092757425741347
52.3,25.81967213114754,80.05327868852459,-3.0183351743099496
44.0,73.29700272479565,38.03269754768392,2.824858757062154
67.1,16.255144032921812,87.80864197530865,34.859933271619404
39.1,99.8360655737705,12.163934426229503,-27.287581699346397
58.7,19.17808219178082,85.61643835616438,4.8606514686150515
72.4,1.5240328253223916,98.85697538100821,-20.663265306122447
73.2,0.720164609053498,99.45987654320987,-8.914306731930155
42.8,47.623400365630715,61.13893967093236,-20.448877805486287
69.4,15.333882934872218,88.49958779884584,10.083487587422614
36.0,77.04918032786885,34.65573770491803,329.1064871481028
63.3,86.64850136239782,25.351498637602177,-43.42774146695716
61.1,50.20576131687243,58.81481481481481,136.73680752762291
73.2,69.01639344262294,41.88524590163935,-18.205721497686156
74.6,36.84931506849315,70.67808219178083,-17.08168747630261
73.8,14.88862837045721,88.8335287221571,-13.771320277953247
70.9,0.205761316872428,99.84567901234568,-38.1128380773727
59.2,6.124314442413162,95.40676416819012,-12.369109947643974
68.5,2.390766694146744,98.20692497938994,19.741273259547487
53.3,45.90163934426229,62.68852459016394,-9.202036481579901
32.3,99.1825613079019,12.817438692098094,-29.582448690728945
68.1,2.4691358024691357,98.14814814814815,15.36539842511473
69.2,20.491803278688526,84.58196721311475,25.05643340857788
62.8,92.19178082191782,19.808219178082183,-4.987102321582104
78.3,71.98124267291911,39.2168815943728,-24.299065420560762
77.3,0.30864197530864196,99.76851851851852,-11.683803712674157
44.3,26.782449725776964,79.23491773308959,-15.415549597855238
56.2,75.2679307502061,36.25886232481451,20.0561009817672
54.2,14.76510067114094,88.9261744966443,0.571368939438166
55.1,38.82783882783883,68.99633699633699,8.181413961760775
60.8,41.98473282442748,66.21374045801527,-0.11977578661181987
45.9,74.2248062015504,37.19767441860465,-24.906542056074766
71.4,0.47244094488188976,99.64566929133858,-10.902117700729752
44.8,44.78203434610304,63.69616908850726,-13.639432815665087
53.0,33.56164383561644,73.47260273972603,6.030758370939604
43.7,83.60655737704919,28.393442622950815,-18.934198419028547
68.5,7.3569482288828345,94.48228882833787,-2.6095360824742286
61.7,6.584362139917696,95.06172839506173,7.30416490697996
58.5,27.86885245901639,78.31147540983606,6.6777963272120155
72.5,20.0,85.0,5.358750198056672
74.7,0.11723329425556857,99.91207502930833,-13.04681504221029
68.4,5.1440329218107,96.14197530864197,-14.072189900749288
55.2,13.254113345521024,90.05941499085924,-8.294736842105255
52.4,17.147568013190437,87.13932399010717,-2.2825921973312346
41.0,97.54098360655738,14.459016393442624,-24.757020478197656
53.6,51.49863760217984,57.65122615803814,-15.808556925308192
65.2,4.732510288065844,96.45061728395062,4.015992656379863
38.2,26.229508196721312,79.70491803278688,8.496732026143805
78.2,19.589041095890412,85.3082191780822,-10.756972111553775
57.7,23.91559202813599,81.6717467760844,-11.307767944936087
74.4,1.8518518518518516,98.61111111111111,-21.572760018902372
50.4,9.23217550274223,93.07586837294333,-0.8298755186721962
51.6,21.3520197856554,83.85078318219291,5.427112605810702
41.5,99.10313901345292,12.896860986547082,51.75600739371535
62.0,99.10313901345292,12.896860986547082,-50.591016548463365
58.5,97.97570850202429,14.02429149797571,27.806122448979597
48.0,96.49595687331536,15.504043126684635,-34.02225755166931
74.1,57.0264765784114,52.67617107942974,31.25
71.3,85.34201954397395,26.657980456026053,-19.94219653179191
73.7,57.2987721691678,52.431105047748986,-19.672131147540984
40.2,98.3625730994152,13.6374269005848,-1.4760147601476037
72.4,97.84394250513347,14.15605749486653,27.093596059113324
57.1,34.83606557377049,72.38934426229508,2.911963882618518
73.3,0.2724795640326975,99.79564032697547,-6.769230769230761
64.9,3.909465020576132,97.0679012345679,-0.962680261213622
60.8,15.737704918032788,88.19672131147541,9.313887968180312
64.2,31.232876712328768,75.45205479452055,-8.969696969696962
66.1,15.943728018757328,88.042203985932,-16.211347943560494
75.6,0.30864197530864196,99.76851851851852,-9.469548133595286
49.6,16.087751371115175,87.93418647166362,-9.03573836817262
55.1,24.48474855729596,81.18796372629843,17.99132947976878
66.9,40.57377049180328,67.48360655737704,10.901467505241103
63.4,28.882833787465938,77.44959128065395,10.064239828693777
58.1,88.47736625514403,23.522633744855966,42.65010351966873
51.2,94.91803278688525,17.08196721311475,-4.783258594917794
67.2,86.84931506849315,25.150684931506845,16.81901279707496
62.1,95.07620164126612,16.923798358733876,-20.411160058737142
76.6,52.88065843621399,56.407407407407405,1.425178147268391
46.3,87.56855575868373,24.43144424131627,41.78628389154706
43.4,98.35119538334708,13.648804616652924,6.508875739644959
56.7,31.213872832369944,75.46820809248555,-8.074986414039543
60.7,15.151515151515152,88.63636363636364,0.8714596949891185
69.7,27.81774580335731,78.35491606714629,-5.4467365017955345
61.5,5.9259259259259265,95.55555555555556,-4.662004662004648
72.0,2.579666160849772,98.06525037936267,-4.633933225107056
52.0,33.41869398207427,73.59411011523687,-9.382151029748286
56.5,19.444444444444446,85.41666666666666,5.883087907184303
53.8,38.9344262295082,68.90573770491804,-7.2555205047318605
51.8,19.618528610354225,85.28610354223433,-2.7027027027026973
56.9,6.172839506172839,95.37037037037037,2.4193548387096753
64.2,19.672131147540984,85.24590163934427,18.097014925373124
67.0,35.342465753424655,71.95890410958904,-13.403880070546737
39.1,77.13950762016412,34.574443141852285,-31.98887343532685
67.3,0.0,100.0,30.612244897959194
41.9,59.23217550274224,50.69104204753199,-40.469973890339425
58.0,99.42291838417148,12.577081615828519,-50.81967213114754
66.3,76.63934426229508,35.02459016393443,8.994708994709
62.3,67.0299727520436,43.673024523160755,-22.010869565217394
52.8,91.56378600823045,20.43621399176955,-6.1151079136690605
59.2,64.42622950819671,46.016393442622956,33.57933579335794
72.4,82.32876712328768,29.671232876712324,13.057324840764316
70.4,64.24384525205159,46.18053927315357,-7.213114754098349
76.3,19.032921810699587,85.7253086419753,-6.995884773662564
50.7,42.321755027422306,65.91042047531992,-14.54545454545454
50.6,45.09480626545754,63.41467436108821,2.1897810218977964
57.2,34.01639344262295,73.0860655737705,14.0547984563961
69.0,50.40871934604905,58.632152588555854,-20.648398301813963
65.7,4.732510288065844,96.45061728395062,17.75477137083701
47.3,47.868852459016395,60.91803278688524,42.42831541218639
66.1,73.01369863013699,38.28767123287671,-25.440750055366436
60.6,36.811254396248536,70.71043376318875,-33.89679715302491
66.1,4.526748971193416,96.60493827160494,-16.767633034975717
36.0,67.45886654478977,43.28702010968921,-8.817714511664686
42.6,77.24649629018961,34.47815333882935,32.80041856560314
49.8,92.62295081967213,19.377049180327873,-2.4390243902438935
66.4,81.47138964577657,30.52861035422343,-4.191616766467055
63.2,45.67901234567901,62.888888888888886,-8.51063829787233
58.8,19.836065573770494,85.12295081967213,-6.722689075630239
68.0,0.0,100.0,0.0
44.3,95.49180327868852,16.508196721311478,58.15169166763068
58.3,77.11171662125341,34.59945504087193,-8.404669260700393
53.3,41.1522633744856,66.96296296296296,-10.521235521235528
63.6,4.754098360655737,96.43442622950819,8.074534161490687
73.8,0.136986301369863,99.8972602739726,1.2587412587412583
56.8,7.502930832356388,94.3728018757327,5.427408412483037
69.1,0.6172839506172839,99.53703703703704,-10.789473684210527
49.7,21.29798903107861,83.89670932358318,-4.411764705882348
65.5,6.595218466611706,95.05358615004123,-0.8777090869796167
37.5,70.90163934426229,40.18852459016394,58.31202046035806
48.3,99.1825613079019,12.817438692098094,-14.195583596214512
61.0,58.64197530864198,51.222222222222214,30.751708428246015
52.4,74.42622950819671,37.016393442622956,-6.417112299465256
71.4,36.71232876712329,70.79452054794521,-5.1948051948051965
54.4,63.89214536928488,46.4970691676436,-18.666666666666664
74.0,16.872427983539097,87.34567901234567,-9.367088607594942
52.0,70.74954296160878,40.32541133455209,-5.827067669172925
58.5,57.54328112118714,52.21104699093157,9.514563106796125
50.5,31.557377049180328,75.17622950819673,4.291417165668676
51.9,56.94822888283378,52.746594005449595,4.0000000000000036
63.2,13.168724279835391,90.12345679012346,35.25104602510461
56.6,93.44262295081968,18.557377049180317,2.6917900403768513
56.9,87.94520547945206,24.054794520547944,-9.558823529411764
64.8,55.45134818288394,54.093786635404456,-29.464285714285722
69.3,8.74485596707819,93.44135802469135,-5.61336226028466
46.5,48.62888482632541,60.23400365630713,-2.1674876847290636
50.1,42.20939818631492,66.01154163231656,77.96610169491522
68.4,6.967213114754098,94.77459016393442,-3.8066723695466154
59.2,11.989100817438691,91.00817438692098,14.035087719298245
53.3,34.15637860082305,72.96707818930041,-17.59447379114182
60.8,5.901639344262295,95.57377049180327,7.353792704111162
76.7,0.136986301369863,99.8972602739726,-4.446119065561427
68.3,1.875732708089097,98.59320046893318,-29.476351351351347
73.0,0.9259259259259258,99.30555555555556,-3.722707163382455
52.0,14.442413162705666,89.16819012797075,-8.60849056603772
49.2,24.319868095630667,81.32811211871393,28.421481617227663
63.0,27.049180327868854,79.00819672131148,-13.520408163265296
65.3,3.2697547683923704,97.54768392370572,18.639053254437865
68.4,39.50617283950617,68.41975308641975,-8.923884514435688
36.2,72.78688524590164,38.49180327868852,-7.785888077858882
71.7,76.84931506849315,34.83561643835616,16.393442622950815
73.7,61.66471277842908,48.50175849941383,-16.049382716049386
68.3,30.45267489711934,76.11522633744856,-14.981273408239693
42.5,90.76782449725776,21.232175502742237,-22.093023255813947
68.7,83.2646331409728,28.735366859027195,29.343629343629352
68.5,4.098360655737705,96.92622950819673,-6.543928323023762
67.4,4.35967302452316,96.73024523160763,6.022187004754342
67.1,4.526748971193416,96.60493827160494,-7.242791899047796
63.9,6.229508196721312,95.32786885245902,10.766045548654258
66.9,54.52054794520548,54.93150684931507,-6.86089304955011
55.8,81.59437280187574,30.405627198124265,-28.256880733944957
64.3,66.35802469135803,44.27777777777778,36.084905660377345
45.2,97.9890310786106,14.010968921389406,-6.266318537859017
48.4,99.09315746084089,12.906842539159115,92.39543726235742
63.0,18.0327868852459,86.47540983606558,1.8675721561969505
63.8,25.61307901907357,80.22888283378747,-5.9164379383958465
65.1,3.4979423868312756,97.37654320987654,7.563025210084029
60.0,20.163934426229506,84.86065573770492,11.035072711719419
70.9,13.424657534246576,89.93150684931507,-16.593245227606467
66.2,10.199296600234467,92.35052754982415,-26.10722610722611
73.9,2.05761316872428,98.45679012345678,-25.617566331198528
38.8,19.652650822669106,85.26051188299817,25.03782148260212
73.9,33.96537510305029,73.12943116240726,31.365030674846615
67.8,83.60655737704919,28.393442622950815,-9.717868338558
65.5,56.94822888283378,52.746594005449595,17.58064516129032
65.0,98.35390946502058,13.646090534979422,-1.388888888888895
49.9,99.672131147541,12.327868852459005,8.108108108108091
78.7,87.8082191780822,24.191780821917803,9.49913644214162
69.6,73.27080890973036,38.05627198124267,-5.794701986754958
61.1,86.31687242798354,25.68312757201646,-2.9159519725557415
48.9,94.51553930530164,17.484460694698356,-9.487951807228912
58.6,96.37262984336357,15.627370156636431,0.4966887417218624
70.9,6.967213114754098,94.77459016393442,4.561403508771922
62.3,6.539509536784741,95.09536784741144,-11.06666666666667
62.5,6.790123456790123,94.9074074074074,1.5232974910394326
44.0,37.213114754098356,70.3688524590164,32.66752577319587
56.0,48.76712328767123,60.10958904109589,33.34248021727153
35.3,98.82766705744432,13.172332942555684,-17.928286852589647
72.8,83.23045267489711,28.76954732510289,-21.73405909797822
58.2,81.26142595978062,30.738574040219376,39.385692068429236
69.6,76.91673536685903,34.774938169826875,29.650690495532082
52.2,56.9672131147541,52.729508196721305,-5.704519453624779
59.5,20.435967302452315,84.62942779291554,4.3233082706766846
54.4,45.06172839506173,63.44444444444444,2.627066480479545
56.5,52.622950819672134,56.63934426229508,5.933682373472959
45.5,98.9041095890411,13.095890410958901,-13.926016007240028
59.2,89.09730363423212,22.90269636576788,-3.5582822085889587
60.3,80.1440329218107,31.855967078189295,13.033116575542936
64.6,86.10603290676416,25.893967093235844,-4.0792540792540795
47.6,96.29018961253092,15.709810387469076,-3.3103229741692775
30.8,38.9344262295082,68.90573770491804,-26.66666666666667
54.9,17.43869209809264,86.92098092643052,-10.495049504950504
63.1,4.320987654320987,96.75925925925927,0.13812154696133394
53.0,25.245901639344265,80.54098360655738,28.875000000000007
72.1,25.068493150684933,80.6917808219178,16.212871287128717
71.8,25.67409144196952,80.1770222743259,-6.717363751584282
75.1,3.8065843621399176,97.14506172839506,-9.523809523809524
49.7,39.122486288848265,68.74588665447898,-13.846153846153852
52.2,54.657873042044514,54.80791426215994,55.999999999999986
50.9,43.85245901639344,64.53278688524591,-9.523809523809524
62.7,24.795640326975477,80.92370572207085,10.344827586206895
45.3,99.38271604938271,12.617283950617292,-18.691588785046733
60.6,60.1639344262295,49.852459016393446,1.4705882352941346
72.9,31.506849315068493,75.21917808219177,6.872852233676974
56.6,74.32590855803049,37.10668229777256,-28.875379939209733
76.3,0.823045267489712,99.38271604938272,-15.315315315315326
35.7,60.42047531992687,49.621572212065814,-8.11688311688311
49.2,97.77411376751854,14.225886232481457,-3.7940379403794022
48.6,93.44262295081968,18.557377049180317,0.9542179688306618
33.9,99.72752043596729,12.272479564032707,26.223972988182332
49.5,98.14814814814815,13.851851851851848,57.323135755258136
58.0,93.60655737704919,18.393442622950815,-23.91190351337179
72.5,86.57534246575342,25.424657534246577,-14.312760318061347
74.5,54.161781946072686,55.25439624853458,10.990990990991012
67.7,14.300411522633743,89.2746913580247,-35.71030640668524
36.4,50.09140767824497,58.91773308957953,-35.4070387486669
69.4,1.0717230008244023,99.1962077493817,15.600000000000014
68.2,4.587155963302752,96.55963302752293,-2.7634474235652906
59.0,15.021459227467812,88.73390557939913,-5.280711506392444
69.7,0.0,100.0,-5.796217205613175
60.9,6.722689075630252,94.95798319327731,-8.268733850129195
67.9,0.0,100.0,-18.35260115606936
51.7,15.202231520223153,88.59832635983264,-5.03875968992249
56.7,8.851674641148326,93.36124401913875,13.354158944879323
68.9,18.75,85.9375,-22.403544021522826
69.3,11.87214611872146,91.0958904109589,0.3285420944558526
66.6,5.325443786982249,96.00591715976331,6.314243759177662
57.6,65.80086580086581,44.77922077922077,-0.037481259370319986
72.9,15.979381443298967,88.01546391752578,-13.66723259762309
52.7,18.01418439716312,86.48936170212767,-29.332169358358804
71.3,2.5485436893203883,98.0885922330097,-19.74144634013286
43.6,18.710359408033828,85.96723044397463,-2.9376498800959383
48.1,31.07981220657277,75.58215962441315,2.3457419683834857
69.7,31.343283582089555,75.35820895522389,-3.4965034965035002
67.3,11.827956989247312,91.12903225806451,1.0516475812105686
39.9,83.87096774193549,28.129032258064512,45.662100456621005
68.1,87.20930232558139,24.79069767441861,-2.4569169542617564
68.7,62.92947558770343,47.363471971066915,12.713472485768506
65.8,74.85119047619048,36.63392857142857,7.886793659378122
61.1,91.05793450881612,20.942065491183882,23.88289676425268
60.5,95.07119386637459,16.928806133625415,-3.5525404245802306
59.7,7.786885245901639,94.15983606557377,19.008961518186606
60.8,33.2425068119891,73.74386920980926,-1.3132884050457982
56.8,14.40329218106996,89.19753086419753,32.23973133557221
67.6,55.9016393442623,53.68852459016393,-28.227067807525998
73.0,0.410958904109589,99.6917808219178,-2.7025645829055533
71.3,0.5861664712778429,99.56037514654162,-40.296380735252214
73.0,3.60082304526749,97.29938271604938,-13.626319337491577
51.1,16.453382084095065,87.6599634369287,3.15949752569471
70.3,5.935696619950536,95.5482275350371,13.503584938718948
71.6,5.327868852459016,96.00409836065573,7.297902192057437
38.6,42.77929155313351,65.49863760217984,-14.012738853503182
63.3,11.934156378600823,91.04938271604938,59.935897435897445
58.5,64.42622950819671,46.016393442622956,-4.658385093167694
70.1,39.863013698630134,68.1164383561644,-1.3227548181682702
69.8,39.390386869871044,68.51817116060961,-30.232558139534895
75.6,0.0,100.0,-22.989699322545643
41.3,13.528336380255942,89.85374771480804,-2.6690391459074814
55.2,23.495465787304205,82.02885408079143,11.359999999999992
52.6,91.80327868852459,20.196721311475414,-10.327022375215144
72.0,57.765667574931875,52.01089918256131,-5.416666666666659
54.1,72.42798353909465,38.81481481481481,47.3568281938326
51.6,92.29508196721311,19.704918032786892,-10.996563573883167
75.2,35.75342465753425,71.60958904109589,-0.6880733944954143
59.7,63.77491207502931,46.60257913247362,-19.047619047619058
70.9,15.946502057613168,88.04012345679013,-13.920454545454552
41.8,70.56672760511883,40.48994515539305,-21.32196162046909
65.1,19.785655399835118,85.16075845012367,13.90374331550801
68.1,6.147540983606557,95.38934426229508,6.188822978644004
68.0,28.882833787465938,77.44959128065395,-20.049124961621125
64.1,5.1440329218107,96.14197530864197,37.09558802453679
73.6,11.967213114754099,91.02459016393442,9.022272555681376
64.3,19.863013698630137,85.1027397260274,-2.246423744199555
73.0,3.048065650644783,97.71395076201641,-4.009433962264164
48.2,14.917695473251028,88.81172839506173,-21.319975425959903
48.5,65.17367458866545,45.343692870201096,22.120572366877788
72.6,27.287716405605934,78.80544105523495,81.85378208833787
69.7,1.639344262295082,98.77049180327869,-8.005275624624764
68.6,2.452316076294278,98.16076294277929,1.869158878504673
69.5,3.909465020576132,97.0679012345679,-1.188986680203341
57.4,8.032786885245901,93.97540983606558,3.703703703703698
64.8,26.986301369863014,79.06164383561644,4.769324265070818
70.8,0.23446658851113714,99.82415005861665,2.346041055718473
70.6,2.7777777777777777,97.91666666666667,-4.579259003921932
56.5,16.087751371115175,87.93418647166362,-5.675675675675674
45.5,29.760923330585324,76.70321516900248,1.3650537674646301
60.2,80.32786885245902,31.67213114754098,26.68549345006501
48.6,94.55040871934605,17.449591280653948,-22.813455657492355
59.6,8.024691358024691,93.98148148148148,22.959794571017355
64.6,24.262295081967213,81.37704918032787,32.161687170474515
59.1,62.73972602739726,47.534246575342465,-10.497493715315453
57.0,59.55451348182884,50.40093786635404,-17.539267015706795
75.4,0.102880658436214,99.92283950617283,-18.932289089001852
42.0,39.122486288848265,68.74588665447898,19.31438127090299
70.1,46.413849958779885,62.22753503709811,21.379897785349232
55.7,32.78688524590164,74.1311475409836,20.48066472359946
55.2,89.64577656675749,22.35422343324251,-0.25940337224383825
53.0,65.84362139917695,44.74074074074074,6.260626504384215
55.7,73.9344262295082,37.45901639344262,8.672798948751659
69.9,41.23287671232877,66.89041095890411,-2.624756295759245
47.7,85.34583821805393,26.654161781946073,-26.19647355163728
76.7,2.05761316872428,98.45679012345678,-14.074074074074083
38.0,97.9890310786106,14.010968921389406,-12.242268041237114
59.9,86.97444352844188,25.02555647155812,8.344733242134073
70.1,50.81967213114754,58.26229508196721,-9.234828496042214
19.1,99.72752043596729,12.272479564032707,10.596026490066235
64.0,80.04115226337449,31.958847736625515,18.264014466546108
67.9,70.65573770491802,40.40983606557378,13.16239316239316
71.4,51.0958904109589,58.013698630136986,1.4925373134328401
63.4,45.720984759671744,62.85111371629543,-17.500000000000014
75.4,16.666666666666664,87.5,-12.247099570518138
43.4,50.18281535648994,58.835466179159056,-9.803921568627437
60.9,42.86892003297609,65.41797197032152,10.763789680579894
63.8,31.868131868131865,74.91208791208791,-30.734243014944763
59.9,15.282392026578073,88.53820598006645,-28.35931700074239
47.5,37.5886524822695,70.04964539007092,-8.806584362139924
54.5,49.2619926199262,59.664206642066425,12.352941176470589
43.3,97.95081967213115,14.049180327868854,12.42977528089888
69.6,45.50408719346049,63.04632152588556,39.560439560439576
65.8,29.629629629629626,76.81481481481482,1.7186706643876004
48.4,24.59016393442623,81.09836065573771,28.05887764489421
73.9,30.273972602739725,76.26712328767124,15.498859296270995
74.2,23.798358733880423,81.77139507620164,-6.577916992952238
57.1,35.59670781893004,71.74279835390946,-16.17426876453897
62.9,22.120658135283364,83.19744058500915,30.668604651162788
72.6,21.76422093981863,83.50041220115416,31.545430298231846
72.4,8.60655737704918,93.54508196721312,12.931413622123733
67.1,14.986376021798364,88.76021798365123,19.660194174757283
67.6,27.160493827160494,78.91358024691358,8.237986270022901
65.6,77.04918032786885,34.65573770491803,1.158301158301156
72.9,24.794520547945208,80.92465753424658,3.4463760641093355
41.6,99.06213364595546,12.937866354044544,-9.313725490196079
67.9,79.83539094650206,32.14814814814815,-27.76809182246167
43.1,88.0255941499086,23.9744058500914,-0.16420361247946325
59.1,91.34377576257214,20.656224237427864,45.130952039949214
63.4,11.065573770491802,91.70081967213115,1.1334210904127229
57.2,20.435967302452315,84.62942779291554,-1.7107309486780742
66.8,3.7037037037037033,97.22222222222223,5.250427472553443
58.9,39.01639344262295,68.8360655737705,8.095952023988007
57.2,77.94520547945206,33.849315068493155,-19.113657807440344
50.6,47.83118405627198,60.95193434935522,-4.97275204359674
66.4,44.958847736625515,63.53703703703704,-11.545874607596819
52.2,30.255941499085925,76.28244972577696,-8.465244322092225
50.0,22.588623248145094,82.79967023907668,98.2743627056951
66.8,13.524590163934427,89.85655737704919,-10.731740927578848
16.0,99.72752043596729,12.272479564032707,170.13422818791946
72.7,22.42798353909465,82.93621399176955,-18.72250466600047
49.1,13.278688524590162,90.04098360655738,-16.6208319009969
74.8,0.273972602739726,99.79452054794521,-8.651982492098897
60.8,13.012895662368113,90.24032825322391,10.475423045930699
65.8,26.543209876543212,79.43827160493827,2.1251253000240444
67.2,33.180987202925046,73.79616087751371,-4.655963302752298
71.2,0.9892827699917559,99.25803792250618,14.000564713197372
31.6,88.9344262295082,23.065573770491795,45.783132530120476
70.5,77.11171662125341,34.59945504087193,-0.5853658536585371
60.0,33.95061728395062,73.14197530864197,-8.096280087527353
58.6,29.34426229508197,77.05737704918033,9.619952494061756
68.8,0.684931506849315,99.48630136986301,-2.2041763341067333
69.3,0.5861664712778429,99.56037514654162,-4.490291262135915
58.9,0.720164609053498,99.45987654320987,-14.5952109464082
48.2,22.760511882998173,82.65356489945155,-8.813928182807407
46.7,28.689200329760922,77.61417971970322,-11.632456159361027
67.1,9.836065573770492,92.62295081967213,-4.838709677419361
61.8,7.084468664850137,94.6866485013624,16.566866267465063
47.3,77.77777777777779,33.99999999999999,97.41985926505083
25.1,99.672131147541,12.327868852459005,4.912663755458513
70.4,83.6986301369863,28.301369863013704,-17.723770005927687
77.6,69.28487690504103,41.643610785463075,-10.39426523297491
72.2,68.62139917695474,42.24074074074073,-26.04298356510747
49.2,91.9561243144424,20.043875685557595,-6.09467455621302
36.8,90.34424853064652,21.655751469353476,20.466101694915253
54.6,37.295081967213115,70.29918032786885,2.1032544576703005
63.3,36.51226158038147,70.96457765667576,14.14330218068538
61.9,4.732510288065844,96.45061728395062,7.350096711798826
58.4,11.147540983606557,91.63934426229508,2.7296937416777523
68.7,35.205479452054796,72.07534246575342,-1.4306219765756412
57.1,8.675263774912075,93.49355216881594,5.915317559153177
63.5,55.144032921810705,54.37037037037037,16.46708550836493
66.0,69.46983546617916,41.47714808043875,-6.666666666666677
54.0,64.96290189612532,45.533388293487214,5.189280608505342
34.9,98.36065573770492,13.639344262295083,-27.340041553380836
60.9,58.58310626702997,51.275204359673026,-9.729064039408863
62.6,32.71604938271605,74.19135802469135,7.7303796744133235
58.6,31.967213114754102,74.827868852459,2.764227642276418
55.2,59.589041095890416,50.36986301369863,1.1780794555483087
67.9,4.9237983587338805,96.30715123094959,6.840390879478808
62.5,70.47325102880659,40.57407407407407,-18.353009114171915
59.1,41.49908592321755,66.6508226691042,-7.3463268365817065
66.1,3.0502885408079146,97.71228359439407,13.095526391433033
65.1,40.57377049180328,67.48360655737704,32.668711656441715
45.3,96.45776566757493,15.542234332425068,-14.05788541051387
60.9,16.049382716049383,87.96296296296296,15.619694397283546
56.4,74.75409836065575,36.72131147540983,23.945409429280406
63.3,71.23287671232876,39.89041095890411,-31.905037637521705
58.2,24.6189917936694,81.073856975381,-18.814055636896043
67.7,10.08230452674897,92.43827160493828,-17.977916031713914
53.1,18.46435100548446,86.15173674588665,36.73640167364016
72.0,15.08656224237428,88.6850783182193,19.639519548474492
69.4,96.31147540983606,15.688524590163937,-2.4539877300613355
65.7,88.28337874659401,23.71662125340599,-21.914556962025323
53.2,60.69958847736625,49.370370370370374,-10.355648535564853
51.2,73.11475409836066,38.1967213114754,-5.664263645726065
68.4,97.80821917808218,14.191780821917817,3.74707259953162
62.8,91.91090269636577,20.089097303634233,-7.553551296505068
74.0,80.45267489711934,31.547325102880663,-12.448132780082988
42.3,99.54296160877514,12.457038391224856,-20.000000000000007
67.9,96.6199505358615,15.380049464138494,9.601449275362327
37.9,90.57377049180327,21.426229508196727,-26.44897959183674
62.5,25.61307901907357,80.22888283378747,4.761904761904745
63.1,4.938271604938271,96.29629629629629,2.206896551724147
55.5,31.147540983606557,75.52459016393442,11.92893401015227
55.2,71.0958904109589,40.013698630136986,-0.6888633754305373
28.2,99.2966002344666,12.703399765533405,12.212738017071567
76.2,87.34567901234568,24.654320987654316,-3.5007610350076157
40.1,99.26873857404021,12.731261425959786,16.40979147778785
68.7,93.239901071723,18.760098928277003,11.63227016885553
46.0,8.60655737704918,93.54508196721312,-14.761904761904765
55.4,5.722070844686648,95.70844686648502,-9.01922129127649
63.6,1.646090534979424,98.76543209876543,0.17045454545454586
68.8,0.16393442622950818,99.87704918032787,-8.004574042309887
78.1,0.0,100.0,-10.37866636398328
52.1,15.943728018757328,88.042203985932,-15.854823304680032
76.3,0.0,100.0,-11.332696507185958
47.9,11.517367458866545,91.36197440585009,-1.2158054711246202
57.7,18.054410552349548,86.45919208573784,14.910858995137755
68.4,3.6885245901639343,97.23360655737704,53.53107344632768
59.2,93.18801089918256,18.811989100817442,-1.0370370370370363
61.6,58.43621399176955,51.407407407407405,60.330645185723554
63.0,87.37704918032787,24.622950819672127,-6.933166770768273
65.8,32.19178082191781,74.63698630136986,-15.805340404790336
67.9,5.627198124267292,95.77960140679953,-14.891518737672582
59.1,23.14814814814815,82.32407407407408,-0.2774752594786767
53.6,41.681901279707496,66.48628884826326,29.38496583143506
50.2,94.06430338004947,17.935696619950534,21.305455444683098
72.5,9.836065573770492,92.62295081967213,-14.147104851330205
60.0,9.809264305177113,92.64305177111717,-15.090283748925193
61.9,4.938271604938271,96.29629629629629,-5.995674983800425
35.7,36.721311475409834,70.78688524590164,18.37606837606838
74.9,14.657534246575343,89.0068493150685,27.61759890303692
74.3,8.089097303634233,93.93317702227432,-20.04249291784702
73.9,1.646090534979424,98.76543209876543,-25.348369520914005
51.6,8.500914076782449,93.62431444241317,0.22271714922048602
68.5,6.924979389942291,94.80626545754328,58.66583362132975
70.8,20.491803278688526,84.58196721311475,-18.23788546255506
59.5,9.536784741144414,92.84741144414168,2.971032433770726
53.2,13.37448559670782,89.96913580246914,9.061238198910182
71.2,17.21311475409836,87.09016393442623,27.935356200527718
72.0,40.821917808219176,67.26027397260275,-4.693182279928854
68.9,3.048065650644783,97.71395076201641,32.41157556270095
54.2,75.1028806584362,36.40740740740741,-38.37091204550072
57.1,15.539305301645337,88.345521023766,-11.314623338257013
68.1,1.8961253091508656,98.57790601813684,13.720059391382877
52.4,52.04918032786885,57.15573770491804,23.623623623623622
40.7,99.45504087193461,12.544959128065386,-12.588116817724071
38.0,96.70781893004116,15.292181069958843,14.161849710982665
69.1,81.47540983606557,30.524590163934434,25.76896787423102
55.3,96.84931506849314,15.15068493150686,-9.924361004100913
73.0,64.71277842907386,45.75849941383352,-11.071428571428577
70.0,39.81481481481482,68.1574074074074,-20.058302675836657
43.4,82.08409506398537,29.915904936014627,-27.24097788125728
68.9,30.502885408079145,76.07254740313273,23.104693140794218
68.6,20.901639344262296,84.23360655737704,16.991150442477874
36.1,98.9100817438692,13.089918256130801,-1.327433628318575
68.8,66.66666666666666,44.00000000000001,-22.479721900347617
63.6,7.868852459016394,94.09836065573771,8.117443868739205
67.5,16.301369863013697,87.77397260273973,-20.512820512820518
58.2,10.199296600234467,92.35052754982415,-9.819639278557112
77.8,0.0,100.0,-13.518538786089962
40.7,17.824497257769654,86.63162705667276,15.91397849462366
28.2,88.95300906842539,23.046990931574612,-5.943428462153588
70.6,11.475409836065573,91.39344262295081,-18.575174825174813
58.6,8.991825613079019,93.25613079019074,-9.950792782941498
64.2,3.4979423868312756,97.37654320987654,16.828193832599126
44.4,30.655737704918035,75.94262295081967,19.901112484548822
45.7,73.97260273972603,37.42465753424658,-34.27368421052631
42.9,64.12661195779602,46.28604923798358,9.373591707976558
43.7,95.47325102880659,16.526748971193413,-28.3074606061535
33.0,98.72029250457038,13.27970749542962,13.009797220323538
70.5,65.62242374278648,44.939818631492166,214.40739815444658
78.7,0.0,100.0,7.112817065792565
67.4,32.15258855585831,74.67029972752044,-5.82120582120581
58.5,31.069958847736622,75.59053497942386,3.605769230769207
57.8,44.91803278688525,63.57377049180327,2.364066193853409
55.5,92.6027397260274,19.397260273972606,-6.765327695560264
66.9,76.55334114888629,35.10199296600234,-6.3063063063063085
77.2,34.5679012345679,72.61728395061729,-9.948979591836737
44.0,98.72029250457038,13.27970749542962,-11.87165775401069
67.9,92.0032976092333,19.9967023907667,19.946452476572986
58.4,31.967213114754102,74.827868852459,-8.327227896051149
24.8,99.72752043596729,12.272479564032707,3.814884302689192
57.8,87.03703703703704,24.962962962962962,23.09434308402203
68.4,74.26229508196721,37.16393442622951,-23.061630218687878
75.9,28.767123287671232,77.54794520547945,-15.4140127388535
63.8,31.41852286049238,75.29425556858148,-24.2914979757085
76.7,1.337448559670782,98.99691358024691,-4.415011037527594
51.9,29.06764168190128,77.29250457038391,-18.22742474916389
66.4,9.398186314921682,92.95136026380874,17.52808988764045
67.4,79.50819672131148,32.44262295081967,90.84249084249085
63.3,9.79020979020979,92.65734265734265,-7.7832512315271
69.8,2.6217228464419478,98.03370786516854,1.8726591760299671
52.0,13.695090439276486,89.72868217054264,-14.249999999999996
60.4,39.411764705882355,68.5,-19.94645247657295
67.1,1.3179571663920924,99.01153212520593,-14.28571428571428
55.9,1.3179571663920924,99.01153212520593,-60.3448275862069
60.0,24.59016393442623,81.09836065573771,4.600223155510541
59.4,33.787465940054496,73.28065395095368,26.279391424619636
56.3,94.44444444444444,17.555555555555557,-1.6014150765455315
56.1,87.21311475409837,24.78688524590163,6.712564543889865
69.1,83.42465753424658,28.575342465753423,-1.7274472168905874
66.2,94.72450175849941,17.275498241500586,-27.316141356255976
77.2,39.91769547325103,68.06995884773663,-2.2455089820359153
44.7,88.75685557586837,23.24314442413163,1.7185821697099923
51.6,99.83511953833471,12.164880461665291,44.586614173228334
63.7,9.836065573770492,92.62295081967213,20.783932057203593
49.3,77.11171662125341,34.59945504087193,-12.743628185907053
57.2,42.79835390946502,65.48148148148148,0.9041766104444848
62.5,24.75409836065574,80.95901639344262,1.7208413001912115
52.3,7.397260273972603,94.45205479452055,-0.7692307692307665
58.9,59.55451348182884,50.40093786635404,-13.296903460837894
67.4,2.366255144032922,98.2253086419753,-11.930573527408706
50.8,80.71297989031079,31.28702010968921,-0.30211480362538623
53.9,92.25061830173125,19.74938169826875,7.625037015508718
63.5,10.655737704918032,92.00819672131148,-8.017883216919941
64.9,7.629427792915531,94.27792915531336,6.62721893491125
63.5,3.909465020576132,97.0679012345679,-4.430245610114492
50.1,16.065573770491802,87.95081967213115,8.571428571428585
59.0,49.17808219178082,59.73972602739727,7.258363634635967
56.7,61.07854630715123,49.029308323563896,19.725220804710485
63.7,65.94650205761316,44.64814814814816,30.869142574376053
57.6,97.07495429616088,14.925045703839118,8.857142857142852
58.8,95.71310799670239,16.28689200329761,-9.673003004709024
53.2,44.26229508196721,64.16393442622952,-7.281553398058249
54.4,62.94277929155313,47.351498637602184,13.777777777777779
63.5,44.44444444444444,64.0,-0.47953339026702846
61.2,31.639344262295083,75.10655737704917,43.396226415094304
65.4,92.87671232876711,19.123287671232887,-2.2988064458589474
54.5,96.95193434935521,15.048065650644787,-12.844036697247708
72.9,55.45267489711934,54.092592592592595,-19.926199261992615
27.8,99.90859232175502,12.091407678244977,41.481481481481495
57.5,97.19703215169002,14.802967848309976,18.117229129662537
56.3,25.81967213114754,80.05327868852459,7.481003430847166
64.6,45.776566757493185,62.80108991825613,-34.6236559139785
58.3,9.876543209876543,92.5925925925926,-6.268594740592892
69.2,5.573770491803279,95.81967213114754,4.10106188209447
71.5,0.0,100.0,-6.049803768041495
62.1,10.785463071512309,91.91090269636577,-13.386217154189396
70.5,8.74485596707819,93.44135802469135,-18.504984033241968
33.5,35.55758683729433,71.77605118829982,84.10462776659959
75.2,52.761747732893646,56.51442704039572,11.269168771308857
62.0,10.655737704918032,92.00819672131148,-2.6567146535330433
67.0,3.5422343324250685,97.34332425068119,5.448717948717952
66.0,3.4979423868312756,97.37654320987654,7.000000000000006
55.4,18.524590163934427,86.10655737704919,5.2795031055900665
72.9,13.835616438356164,89.62328767123287,2.5421513701083587
64.1,5.978898007033997,95.51582649472451,-2.2727272727272596
73.3,0.102880658436214,99.92283950617283,-4.844290657439432
54.1,73.76599634369288,37.61060329067641,-13.247848660732163
61.2,32.64633140972795,74.25061830173124,12.647152431919807
58.4,71.31147540983606,39.81967213114754,-6.0726447219069275
58.2,10.626702997275205,92.02997275204359,5.337078651685401
65.4,4.320987654320987,96.75925925925927,-1.2549537648612885
68.7,4.098360655737705,96.92622950819673,3.6170212765957332
71.6,0.410958904109589,99.6917808219178,2.530674846625769
58.7,22.157092614302464,83.1664712778429,-30.80139372822299
57.5,20.88477366255144,84.24794238683128,-26.08391608391608
52.9,26.23400365630713,79.70109689213893,-4.087385482734318
57.1,22.423742786479803,82.93981863149217,10.56439942112879
68.5,2.8688524590163933,97.84836065573771,-10.944260726157207
68.3,1.9073569482288828,98.56948228882834,3.0357679591223263
68.8,3.7037037037037033,97.22222222222223,2.4152385706032176
46.0,30.0,76.5,8.39200225288652
55.4,77.3972602739726,34.342465753424655,-25.415399017084017
64.2,35.16998827667057,72.10550996483002,5.1181102362204856
60.5,61.21399176954733,48.907407407407405,-29.110933558039974
57.6,20.29250457038391,84.75137111517367,-13.637890493785687
60.5,5.028854080791426,96.22835943940643,4.242514905913497
55.8,40.16393442622951,67.85245901639344,-9.385783298826789
40.5,63.48773841961853,46.86103542234332,-13.829093281148076
45.9,37.242798353909464,70.34362139917695,2.88944723618092
61.9,7.377049180327869,94.4672131147541,8.484493856056186
64.3,2.191780821917808,98.35616438356165,-5.341500632387275
54.1,10.668229777256741,91.99882766705744,-11.062717770034835
38.0,54.73251028806584,54.74074074074075,2.4597116200169467
45.4,99.08592321755027,12.914076782449726,51.2306289881495
67.9,94.39406430338005,17.60593569661995,16.851664984863767
69.3,57.786885245901644,51.99180327868852,15.427228958078087
41.8,87.19346049046321,24.80653950953679,26.52123995407576
45.3,99.38271604938271,12.617283950617292,41.825726141078825
62.4,85.90163934426229,26.098360655737707,0.8374040474528943
72.8,54.657534246575345,54.80821917808219,27.391304347826107
65.5,70.45720984759672,40.58851113716295,-20.214669051878353
71.6,44.650205761316876,63.81481481481481,-35.0896860986547
48.0,42.50457038391225,65.74588665447897,48.33127317676145
76.0,67.18878812860676,43.53009068425391,13.67690782953419
68.9,10.655737704918032,92.00819672131148,0.11338792172237433
63.7,22.3433242506812,83.00817438692098,7.962962962962972
61.7,14.609053497942387,89.04320987654322,-7.742766571469229
49.5,16.39344262295082,87.70491803278689,7.032057911065159
46.2,98.76712328767124,13.23287671232876,-25.243170813436745
51.1,76.08440797186401,35.524032825322394,12.252384446074839
61.6,85.39094650205762,26.609053497942384,-14.244232121564092
67.5,56.855575868372945,52.82998171846435,-12.233622730860304
68.8,15.828524319868094,88.12860676009893,2.8292374639472317
65.0,9.836065573770492,92.62295081967213,7.866744995331709
67.0,13.896457765667575,89.57765667574932,7.662463627546057
64.4,4.732510288065844,96.45061728395062,17.501512733840375
56.2,24.262295081967213,81.37704918032787,-2.819738167170205
63.1,16.986301369863014,87.26027397260273,3.364801254940275
56.0,44.07971864009379,64.3282532239156,-12.808349146110054
62.9,7.20164609053498,94.59876543209876,-13.693077978103885
52.2,15.539305301645337,88.345521023766,-9.0727816550349
63.5,4.9464138499587795,96.29018961253091,13.633682558101956
63.8,1.3986013986013985,98.95104895104895,13.428766189502372
52.5,51.8796992481203,57.30827067669173,-1.8411362440820533
64.1,10.38961038961039,92.20779220779221,27.264731750219863
60.8,33.988212180746565,73.11001964636542,-5.810147299508994
71.2,0.1589825119236884,99.88076311605724,1.0848126232741562
55.9,25.79787234042553,80.07180851063829,-30.208333333333325
68.6,2.9850746268656714,97.76119402985074,-6.937807694094634
49.2,19.436052366565963,85.42296072507553,-6.983240223463683
53.7,26.618705035971225,79.37410071942446,49.197307151913925
76.3,0.4098360655737705,99.69262295081967,-18.727915194346288
33.5,95.09536784741145,16.904632152588547,56.862745098039234
55.2,98.76543209876543,13.23456790123457,5.074626865671639
73.2,66.55737704918033,44.0983606557377,-3.0831099195710365
75.2,33.013698630136986,73.93835616438356,6.042065009560238
73.0,26.494724501758498,79.47948417350528,-6.6390041493776035
53.5,42.901234567901234,65.38888888888889,-36.60342434058307
43.6,27.148080438756857,78.92413162705667,-1.8922018348623948
30.8,84.91343775762572,27.086562242374285,2.0123839009287936
44.8,7.786885245901639,94.15983606557377,60.53399700322759
64.5,26.975476839237057,79.0708446866485,-26.749352091817848
61.0,5.761316872427984,95.67901234567901,6.36090636090636
61.3,23.770491803278688,81.79508196721312,-11.846117757447805
63.0,10.41095890410959,92.1917808219178,-23.14840837992621
71.3,0.11723329425556857,99.91207502930833,0.8679245283018888
68.9,1.440329218106996,98.91975308641975,-24.586013966909835
53.3,14.625228519195613,89.03107861060329,-3.3333333333333326
70.3,15.004122011541632,88.74690849134377,8.68097118518618
62.9,36.885245901639344,70.64754098360656,24.861878453038667
63.1,75.74931880108991,35.82561307901908,0.0
62.6,96.09053497942386,15.909465020576135,84.78260869565216
67.4,86.39344262295083,25.60655737704917,19.791666666666675
63.7,80.0,32.0,14.423076923076916
56.5,92.96600234466588,19.03399765533412,-5.076142131979688
75.1,51.54320987654321,57.611111111111114,-9.349593495934961
27.7,99.90859232175502,12.091407678244977,109.12621359223297
72.9,96.20774938169828,15.792250618301722,2.5362318840579823
55.4,97.95081967213115,14.049180327868854,20.574162679425847
49.0,95.91280653950953,16.087193460490468,-0.6024096385542244
47.5,82.71604938271605,29.28395061728395,147.3684210526316
55.2,87.04918032786885,24.950819672131146,-8.520179372197312
71.9,68.21917808219177,42.6027397260274,-6.627218934911239
51.7,73.73974208675264,37.63423212192262,-28.235294117647058
75.1,38.68312757201646,69.11934156378601,-28.230616302186885
51.3,81.35283363802559,30.647166361974413,2.822580645161299
62.9,98.59851607584501,13.401483924154988,11.607142857142861
64.2,33.60655737704918,73.4344262295082,-0.6519089392773791
69.8,29.70027247956403,76.75476839237058,25.52447552447554
62.2,63.580246913580254,46.77777777777777,-0.9568725535787581
48.5,73.11475409836066,38.1967213114754,8.917197452229297
62.5,96.02739726027397,15.972602739726028,-5.021902709148374
73.4,57.444314185228606,52.30011723329425,-2.1671826625386914
72.2,53.80658436213992,55.57407407407407,2.264096447968278
50.6,86.74588665447898,25.25411334552102,-15.263157894736846
66.4,33.96537510305029,73.12943116240726,17.252790487207868
62.0,75.30120481927712,36.22891566265059,-0.6198347107438051
64.6,7.719298245614035,94.21052631578948,17.98029556650247
66.4,58.679706601467,51.18826405867971,-1.187648456057
71.3,39.130434782608695,68.73913043478261,13.397129186602875
61.2,71.62576687116564,39.536809815950924,-24.78813559322034
77.8,14.267185473411153,89.29961089494164,-13.87900355871886
34.2,2.799552071668533,97.9003359462486,-14.28571428571428
52.1,31.027667984189723,75.62648221343873,9.895833333333325
68.4,81.14754098360656,30.85245901639344,-5.072463768115931
63.1,63.48773841961853,46.86103542234332,0.0
61.0,43.82716049382716,64.55555555555556,-0.43859649122806044
67.1,32.622950819672134,74.27049180327869,4.166666666666652
67.7,34.10958904109589,73.0068493150685,9.178743961352653
60.5,53.341148886283705,55.992966002344666,-6.61764705882354
76.2,6.0699588477366255,95.44753086419753,-10.7981220657277
39.1,74.77148080438756,36.705667276051194,-7.643312101910837
71.9,37.840065952184666,69.83594394064303,15.021459227467805
65.7,16.0,88.0,-9.152830991911443
66.9,4.508196721311475,96.6188524590164,0.8799970440902971
57.6,14.945652173913043,88.79076086956522,4.382716049382718
65.7,18.442622950819672,86.16803278688525,0.8087825079017286
67.3,40.58919803600654,67.46972176759411,-21.075137446548563
71.0,0.9589041095890412,99.28082191780823,-17.92066181002906
47.4,15.023474178403756,88.73239436619718,22.991249005568815
60.0,29.145211122554066,77.22657054582905,10.963528044191516
73.3,0.0,100.0,-13.400808277726671
68.6,5.722070844686648,95.70844686648502,-2.8112449799196693
65.1,4.938271604938271,96.29629629629629,-2.169204667833613
61.0,10.98360655737705,91.76229508196721,15.702982349360939
65.7,30.136986301369863,76.38356164383562,-2.3060226475398737
74.9,10.902696365767877,91.8229777256741,-12.94374658656473
46.6,34.77366255144033,72.44238683127571,-23.718815230299562
56.2,14.259597806215721,89.3053016453382,-3.835145964510589
57.5,16.40560593569662,87.69579554822754,11.843143466310435
65.1,9.426229508196721,92.93032786885246,-30.281157296081616
37.2,21.25340599455041,83.93460490463215,-28.745136186770427
64.5,3.0864197530864197,97.68518518518519,-5.510534846029169
58.7,18.852459016393443,85.86065573770492,22.919605077574047
51.6,54.38356164383562,55.054794520547944,-22.09720972097209
42.6,60.375146541617816,49.662368112543966,-33.56934610578926
75.7,2.05761316872428,98.45679012345678,-28.094153378891416
35.5,34.82632541133455,72.39762340036563,-19.153994672540453
67.5,34.37757625721352,72.77906018136851,40.990990990990994
59.0,84.01639344262296,27.983606557377044,-16.60353535353535
67.5,31.062670299727518,75.59673024523161,8.477366255144037
61.1,8.024691358024691,93.98148148148148,21.238938053097357
49.6,97.21311475409836,14.786885245901644,-0.4881450488145034
60.2,94.24657534246576,17.75342465753424,13.840623127621331
51.5,85.4630715123095,26.536928487690503,-10.854893138357703
69.5,59.053497942386834,50.85185185185185,-32.300593276203024
40.5,79.15904936014626,32.75685557586837,-9.960422163588401
54.4,69.7444352844188,41.23000824402308,8.745247148288971
42.3,68.10810810810811,42.7027027027027,22.032530325636458
25.5,87.33766233766234,24.662337662337663,-12.182436487297455
61.0,62.06088992974239,48.14519906323185,10.756937126800148
66.5,0.7259528130671506,99.45553539019964,2.0960505993969036
70.7,1.9374068554396422,98.54694485842028,-10.861465356698996
60.7,3.400503778337532,97.44962216624685,-20.815358067299393
70.4,0.547645125958379,99.58926615553122,-31.424559213605864
49.7,9.082125603864734,93.18840579710145,-11.462383770076078
48.7,16.81109185441941,87.39168110918544,22.874094343300968
62.5,19.262295081967213,85.55327868852459,-13.001912045889108
64.9,32.69754768392371,74.20708446866485,0.65359477124185
59.1,73.66255144032921,37.70370370370371,18.906605922551268
46.8,98.52459016393442,13.47540983606558,-2.8960817717206155
40.9,99.31506849315068,12.684931506849324,-17.903965759790363
72.3,68.11254396248535,42.69871043376319,-4.92424242424242
62.2,86.21399176954732,25.78600823045268,-27.46121241319225
58.8,58.50091407678245,51.3491773308958,2.8846153846153966
45.0,91.01401483924155,20.985985160758446,7.0620765075587455
59.8,17.62295081967213,86.7827868852459,3.025627128979802
58.7,27.520435967302454,78.60762942779292,3.1012658227848044
50.4,36.21399176954733,71.21810699588477,1.0405518110854217
59.4,64.09836065573771,46.31147540983606,13.274853801169595
57.7,77.8082191780822,33.97260273972603,-11.124870135382592
52.0,69.4021101992966,41.53810082063306,-2.822201317027284
71.5,60.08230452674898,49.925925925925924,-14.697544660572891
30.3,96.3436928702011,15.656307129798904,-13.10272536687631
62.5,84.74855729596042,27.251442704039576,32.02418983853506
48.9,48.148148148148145,60.66666666666667,8.193523159231697
54.0,72.11538461538461,39.09615384615385,-18.464841653247444
59.3,7.424593967517401,94.43155452436196,16.660149390027446
60.0,70.63063063063063,40.43243243243243,1.7525035765379116
61.2,78.22222222222223,33.599999999999994,-15.22561688359202
74.1,38.471177944862156,69.29949874686717,-22.142857142857142
58.4,9.814612868047982,92.63904034896402,-24.314087826622288
41.6,30.991337824831568,75.65736284889317,12.992424242424239
70.5,33.074265975820374,73.88687392055269,6.0301053719932
59.8,55.73770491803278,53.8360655737705,45.040214477211805
50.3,84.74114441416893,27.25885558583107,-22.64150943396227
57.6,8.436213991769549,93.67283950617283,11.33069828722002
67.5,10.819672131147541,91.88524590163934,8.3224967490247
65.6,17.671232876712327,86.74657534246575,-8.56777493606138
56.8,27.315357561547483,78.78194607268463,-22.278481012658236
51.8,10.2880658436214,92.28395061728395,-24.826629680998614
46.9,23.6745886654479,81.87659963436928,-7.639836289222379
56.8,35.77906018136851,71.58779884583677,27.125506072874494
69.1,2.0491803278688523,98.46311475409836,-1.2246075003759627
62.6,8.174386920980927,93.8692098092643,-15.052436767427512
71.3,1.646090534979424,98.76543209876543,-5.882352941176472
50.1,20.163934426229506,84.86065573770492,-12.872340425531926
65.5,1.095890410958904,99.17808219178082,-12.466124661246614
56.1,16.764361078546308,87.42672919109027,-26.12359550561798
74.9,2.4691358024691357,98.14814814814815,-11.943319838056699
46.2,20.29250457038391,84.75137111517367,-8.056042031523647
53.4,30.420445177246496,76.14262159934049,18.065693430656914
55.9,88.52459016393442,23.47540983606558,18.011783729334606
46.4,99.1825613079019,12.817438692098094,-26.0
52.3,27.160493827160494,78.91358024691358,-3.5615034634765674
62.6,66.55737704918033,44.0983606557377,36.771058315334784
74.7,58.21917808219178,51.602739726027394,6.40863466254884
44.5,88.862837045721,23.137162954279006,-17.196343056160213
61.9,28.909465020576132,77.42695473251028,-19.367701739692876
54.5,24.223034734917732,81.41042047531992,-0.010045905748101713
69.3,11.541632316570487,91.34377576257214,7.257477734627704
52.0,50.409836065573764,58.63114754098361,14.738865748157659
62.4,50.40871934604905,58.632152588555854,-18.774703557312243
66.3,4.526748971193416,96.60493827160494,7.602825093477361
56.4,37.540983606557376,70.09016393442623,-6.743185078909619
55.9,14.657534246575343,89.0068493150685,0.9334537789822184
62.1,7.971864009378664,94.021101992966,6.836342113051197
43.7,39.609053497942384,68.33230452674897,-22.064925555284344
66.7,4.204753199268739,96.84643510054845,6.705539358600587
48.3,19.29101401483924,85.53173948887057,-0.052562417871238054
52.5,46.31147540983606,62.31967213114754,-4.875461635589229
48.4,77.9291553133515,33.86376021798365,13.348416289592757
49.3,83.53909465020575,28.460905349794245,0.8862844097974554
59.2,50.65573770491804,58.409836065573764,4.306220095693791
45.0,80.27397260273973,31.726027397260268,-17.355174366980762
57.1,44.66588511137163,63.80070339976553,-19.475655430711612
46.6,97.63374485596708,14.36625514403292,-25.889810539712098
48.9,96.61791590493601,15.382084095063988,-7.319223985890644
55.8,97.77411376751854,14.225886232481457,-3.9926826133619087
36.9,97.1311475409836,14.868852459016395,134.75046210720888
54.7,91.00817438692098,20.991825613079016,-16.39386853728241
60.8,60.08230452674898,49.925925925925924,32.73207215134184
70.0,41.147540983606554,66.9672131147541,11.222270552414093
75.4,30.958904109589042,75.68493150684931,-20.21456804065499
77.1,2.813599062133646,97.88980070339977,-16.57048639736192
70.3,6.893004115226338,94.83024691358025,-5.803108808290148
53.7,19.10420475319927,85.67184643510055,-16.080402010050253
65.3,3.3800494641384993,97.46496290189613,29.040917878343485
70.5,53.278688524590166,56.049180327868854,15.05659474751968
54.0,72.75204359673025,38.52316076294278,4.800000000000004
53.8,61.72839506172839,48.44444444444445,13.162689248970594
66.2,25.901639344262296,79.98360655737704,10.015174506828517
77.5,9.452054794520548,92.91095890410959,-4.486692493488286
68.9,9.261430246189919,93.05392731535756,24.1465445462115
65.2,42.489711934156375,65.75925925925927,-26.498139054996695
65.5,9.323583180987203,93.0073126142596,13.053797468354421
42.7,46.24896949711459,62.37592745259687,20.31219728496343
67.4,12.295081967213115,90.77868852459017,2.593170760240393
68.1,17.983651226158038,86.51226158038148,6.25
64.7,5.1440329218107,96.14197530864197,4.0421913744642435
59.4,9.508196721311474,92.8688524590164,1.6025641025640969
62.1,27.945205479452056,78.24657534246575,6.073894019418802
67.7,16.64712778429074,87.51465416178195,-7.096774193548383
73.1,0.6172839506172839,99.53703703703704,7.332757071605411
42.7,93.41864716636198,18.58135283363802,-14.254859611231108
61.5,70.56883759274525,40.48804616652927,11.183103696797382
55.0,97.54098360655738,14.459016393442624,41.46788990825689
60.3,68.93732970027247,41.95640326975477,1.2943994859959673
72.0,26.954732510288064,79.08847736625515,-4.943820224719097
54.8,8.852459016393443,93.36065573770492,5.693069306930698
73.8,3.0136986301369864,97.73972602739727,7.799442896935926
68.3,4.572098475967175,96.57092614302462,-13.11475409836066
74.4,0.205761316872428,99.84567901234568,-7.277538221243008
52.5,15.63071297989031,88.27696526508227,6.07902735562309
71.5,23.000824402308325,82.44929925803793,22.89109423491482
71.9,2.3622047244094486,98.22834645669292,18.30304535133496
77.3,2.3904382470119523,98.20717131474103,6.5180102915952
72.4,10.512129380053908,92.11590296495957,-8.584337349397586
57.2,39.27125506072874,68.61943319838056,-15.368421052631575
60.7,41.92495921696574,66.26753670473083,0.29190144937190077
62.6,40.136054421768705,67.87755102040816,31.85714285714285
72.9,21.662763466042154,83.58665105386417,44.065279242752744
67.9,38.52459016393443,69.25409836065573,5.579399141630903
64.7,61.85286103542234,48.33242506811989,10.33797216699801
23.1,99.58847736625515,12.411522633744852,-18.69281045751635
63.9,84.26229508196721,27.73770491803279,2.5738798856053346
67.6,64.24657534246575,46.17808219178083,-2.3516237402015583
69.0,54.279015240328256,55.14888628370457,-5.82278481012658
77.6,15.637860082304528,88.27160493827161,-14.448051948051955
46.2,49.54296160877514,59.411334552102375,-6.32022471910113
70.3,19.12613355317395,85.65539983511954,5.10366826156301
62.3,17.21311475409836,87.09016393442623,0.21119324181624322
39.3,51.49863760217984,57.65122615803814,-10.09081735620585
63.2,5.555555555555555,95.83333333333333,16.261203585147243
68.2,22.131147540983605,83.18852459016394,4.092920353982299
68.9,9.04109589041096,93.21917808219177,8.45410628019323
58.3,80.07033997655334,31.929660023446658,-24.810765349032803
70.0,16.666666666666664,87.5,-21.562156215621574
42.2,29.250457038391225,77.13711151736746,12.275132275132282
46.7,84.66611706512778,27.33388293487222,31.216866166690526
76.0,0.4098360655737705,99.69262295081967,-24.626199504611655
66.8,32.9700272479564,73.97547683923706,-28.944618599791017
67.1,99.1769547325103,12.823045267489704,-2.777777777777779
63.7,89.07103825136612,22.92896174863388,-15.700483091787431
70.9,89.07103825136612,22.92896174863388,28.508771929824572
76.2,89.07103825136612,22.92896174863388,-1.17647058823529
46.1,45.359019264448335,63.1768826619965,-18.38006230529594
45.6,52.23665223665223,56.98701298701299,-16.470588235294116
65.7,27.586206896551722,78.55172413793103,6.4056939501779375
62.3,27.586206896551722,78.55172413793103,-3.1670149241876056
65.8,9.70873786407767,92.71844660194175,2.0763506121494135
61.6,12.424242424242424,90.68181818181819,13.898788310762654
64.1,48.0,60.8,7.468564847128478
58.2,80.10471204188482,31.895287958115176,-25.60224089635853
64.4,15.173410404624278,88.6199421965318,-12.515180813254812
23.3,92.38329238329239,19.616707616707615,-19.16083916083917
56.0,73.63344051446946,37.72990353697749,8.114150304334288
71.5,29.098360655737704,77.26639344262296,-19.59930764595673
69.0,20.16348773841962,84.86103542234332,3.2394366197183277
58.9,5.349794238683128,95.98765432098766,-5.511424758712302
47.0,22.459016393442624,82.90983606557377,8.834118552290215
72.3,31.643835616438352,75.10273972602741,20.294784824432057
77.8,35.873388042203985,71.50762016412662,0.7936507936507908
70.3,16.255144032921812,87.80864197530865,-8.791290153200027
57.7,64.80804387568556,45.672760511883,-5.157593123209169
58.5,46.578730420445176,62.079142621599345,15.03115354789568
66.0,6.024096385542169,95.48192771084338,3.1995860892498174
51.9,93.85245901639344,18.14754098360656,13.085621970920824
47.3,98.9100817438692,13.089918256130801,-17.30523627075352
57.8,96.50205761316872,15.497942386831284,-0.8146639511201648
64.8,84.59016393442623,27.40983606557377,32.74336283185841
66.2,98.21917808219179,13.780821917808211,5.345911949685522
75.1,77.2567409144197,34.46893317702227,-10.350076103500772
77.3,59.465020576131685,50.48148148148148,-17.228103946102024
56.1,89.21389396709324,22.78610603290676,-10.309278350515472
64.0,14.591920857378401,89.0560593569662,17.727717923604303
70.9,59.83606557377049,50.14754098360656,-22.57303698045856
60.7,40.87193460490463,67.21525885558583,-32.87781350482315
57.6,6.378600823045268,95.21604938271605,8.20755454193105
57.6,9.344262295081968,92.99180327868852,9.926650366748158
69.4,14.246575342465754,89.31506849315069,4.642367849925488
71.8,2.5791324736225087,98.06565064478312,13.53421859039836
77.1,4.732510288065844,96.45061728395062,-20.96914333513078
59.3,6.581352833638025,95.06398537477148,-8.946161539064313
71.8,0.3297609233305853,99.75267930750206,11.246143954803456
39.5,9.836065573770492,92.62295081967213,9.2741935483871
58.7,28.610354223433244,77.68119891008175,46.81647940074907
16.0,99.79423868312757,12.205761316872426,5.988857938718661
64.4,94.59016393442623,17.40983606557377,-12.086513994910941
72.1,71.0958904109589,40.013698630136986,-2.2140221402214055
67.9,66.23681125439624,44.38686987104338,-1.5625
74.8,54.218106995884774,55.2037037037037,13.684210526315809
42.6,99.08592321755027,12.914076782449726,-36.28691983122363
63.7,94.3116240725474,17.688375927452597,5.532786885245922
53.4,33.60655737704918,73.4344262295082,-0.3898635477582735
63.3,56.675749318801095,52.991825613079016,12.60794473229707
57.9,88.47736625514403,23.522633744855966,-8.07635829662261
55.6,54.59016393442623,54.868852459016395,-2.9950083194675625
67.3,66.3013698630137,44.32876712328767,6.0975609756097615
54.4,96.6002344665885,15.399765533411497,-19.283746556473822
74.6,15.843621399176955,88.11728395061728,-7.867400239336197
34.2,98.81170018281536,13.188299817184642,-3.684210526315801
47.1,97.11459192085738,14.885408079142621,29.063190221346467
50.0,89.34426229508196,22.65573770491804,37.22943722943721
50.5,94.82288828337875,17.177111716621255,57.410296411856464
62.9,62.96296296296296,47.333333333333336,6.77506775067751
64.5,37.049180327868854,70.50819672131148,1.8840579710144967
75.5,19.726027397260275,85.20547945205479,0.6125574272588086
69.6,3.751465416178194,97.18640093786635,-10.761589403973515
74.6,1.954732510288066,98.53395061728395,-13.737373737373748
47.7,21.937842778793417,83.3528336380256,-6.112054329371808
37.7,86.47980214344601,25.52019785655399,-6.199770378874869
67.2,73.36065573770492,37.97540983606557,76.49572649572652
69.3,85.55858310626702,26.441416893732978,11.90476190476193
66.3,89.09465020576131,22.90534979423869,86.48648648648648
54.5,91.9672131147541,20.032786885245898,-3.1858407079646156
74.1,63.6986301369863,46.671232876712324,-5.223880597014919
71.2,34.81828839390387,72.4044548651817,-7.8947368421052655
76.4,25.617283950617285,80.2253086419753,-21.052631578947366
53.7,34.643510054844604,72.55301645338209,-1.3513513513513487
74.0,8.244023083264633,93.81698268755153,13.59999999999999
35.7,93.85245901639344,18.14754098360656,-10.037986753793826
38.9,98.63760217983652,13.36239782016348,1.147028154327434
65.8,66.46090534979425,44.185185185185176,-7.17328335321179
61.9,48.85245901639344,60.032786885245905,36.99170943545202
75.3,33.013698630136986,73.93835616438356,33.14943247430475
67.0,66.47127784290738,44.175849941383355,-14.807796426637786
66.9,25.514403292181072,80.3127572016461,-27.17260587732071
56.1,22.120658135283364,83.19744058500915,-12.227074235807866
77.8,0.08244023083264633,99.93816982687551,17.784677635230683
68.7,10.655737704918032,92.00819672131148,-1.5645752517027378
65.2,13.35149863760218,89.98637602179836,15.408805031446548
50.5,62.96296296296296,47.333333333333336,-6.685236768802216
62.2,3.4426229508196724,97.41803278688525,1.5576323987538832
69.3,7.671232876712329,94.24657534246575,4.408098153828099
59.7,4.572098475967175,96.57092614302462,-3.4482758620689724
67.0,9.362139917695474,92.97839506172839,-1.489632754050596
51.8,43.875685557586834,64.51188299817184,-11.79775280898877
66.1,5.111294311624072,96.16652926628194,7.81415529306928
74.3,24.59016393442623,81.09836065573771,0.8611355444116509
63.3,7.901907356948229,94.07356948228883,3.6204744069912476
63.7,4.938271604938271,96.29629629629629,3.9540816326530726
56.2,42.459016393442624,65.78688524590164,7.7188940092165925
60.2,77.12328767123287,34.589041095890416,-11.344137273593901
57.5,35.40445486518171,71.90621336459554,-11.451942740286313
73.0,1.02880658436214,99.22839506172839,-4.554749091263677
42.1,21.755027422303474,83.50822669104204,-2.422907488986803
52.1,29.348722176422093,77.05358615004123,7.699057918440433
50.9,38.52459016393443,69.25409836065573,-12.301255230125518
57.1,15.803814713896458,88.14713896457766,16.682464454976298
64.2,6.790123456790123,94.9074074074074,29.38856015779092
60.3,55.40983606557377,54.131147540983605,13.431613431613432
55.8,90.27397260273973,21.726027397260268,-17.440401505646175
45.8,96.36576787807736,15.634232121922636,-26.346982758620683
70.4,47.22222222222222,61.5,2.4087024087024123
49.3,83.18098720292505,28.819012797074947,55.079559363525085
72.2,91.42621599340478,20.57378400659522,13.981762917933139
39.6,79.91803278688525,32.07377049180327,-5.09300265721877
72.2,1.3623978201634876,98.97820163487738,-10.745058286872789
64.2,5.967078189300412,95.5246913580247,13.418745785569786
70.1,8.688524590163935,93.48360655737704,-6.944444444444442
58.4,48.08219178082192,60.72602739726027,-41.77927927927928
56.4,7.620164126611957,94.28487690504103,-33.58633776091081
75.1,1.440329218106996,98.91975308641975,-19.483101391650102
34.7,21.023765996343695,84.12979890310785,-7.14285714285714
57.4,32.069249793899424,74.74113767518548,4.3939393939393945
65.7,13.114754098360656,90.1639344262295,28.5515320334262
65.8,85.01362397820164,26.986376021798364,8.088235294117663
51.3,99.38271604938271,12.617283950617292,-11.37096774193549
53.0,99.8360655737705,12.163934426229503,6.097560975609739
74.0,12.32876712328767,90.75342465753425,-1.46484375
43.8,66.70574443141852,43.96483001172333,-10.935251798561152
62.0,48.86831275720165,60.01851851851851,-13.761467889908252
44.7,79.43327239488117,32.51005484460694,26.16279069767442
69.5,76.25721352019785,35.36850783182194,25.64102564102564
67.8,4.918032786885246,96.31147540983606,-4.701281428687132
64.9,12.534059945504087,90.59945504087193,3.6211699164345523
62.2,39.300411522633745,68.59465020576133,-4.610951008645536
47.8,63.44262295081967,46.9016393442623,-7.520891364902504
71.3,0.9589041095890412,99.28082191780823,14.705882352941192
69.7,1.1723329425556859,99.12075029308323,-10.862619808306706
54.6,84.05349794238684,27.94650205761316,-25.53699284009546
48.3,81.71846435100548,30.28153564899452,-12.878787878787879
68.8,78.15333882934871,33.66199505358615,16.455696202531644
46.9,90.98360655737704,21.016393442622956,-1.898734177215189
24.8,99.72752043596729,12.272479564032707,90.23354564755842
68.4,95.47325102880659,16.526748971193413,-17.837078651685403
53.9,90.98360655737704,21.016393442622956,-5.24475524475524
75.1,52.87671232876713,56.410958904109584,12.857142857142856
54.7,53.341148886283705,55.992966002344666,-24.155844155844164
74.9,61.31687242798354,48.81481481481482,-24.444444444444446
39.5,74.49725776965265,36.95246800731262,-16.149068322981364
60.4,94.72382522671063,17.27617477328937,12.204724409448819
49.2,39.75409836065574,68.20901639344262,14.545454545454529
52.4,76.83923705722071,34.84468664850136,-13.901345291479828
62.1,11.934156378600823,91.04938271604938,44.49612403100775
66.4,50.0,59.0,10.028248587570632
58.6,90.54794520547945,21.45205479452055,1.8842530282638048
56.1,98.59320046893318,13.406799531066824,-33.14669652855543
74.3,49.48559670781893,59.46296296296296,19.69981238273921
50.9,98.44606946983546,13.553930530164536,-34.396809571286134
51.3,93.40478153338829,18.595218466611712,77.15654952076679
38.3,99.59016393442623,12.40983606557377,-20.736698499317875
45.8,94.82288828337875,17.177111716621255,-14.016172506738545
63.2,9.670781893004115,92.74691358024691,14.421280926147695
66.5,9.836065573770492,92.62295081967213,1.0948905109488871
74.7,2.191780821917808,98.35616438356165,0.8003125164232516
62.7,5.275498241500586,96.04337631887456,-10.183299389002043
68.6,1.2345679012345678,99.07407407407408,-3.703703703703698
50.8,26.508226691042047,79.46800731261426,-20.661157024793397
53.0,20.115416323165704,84.90189612530915,18.0522565320665
65.7,11.475409836065573,91.39344262295081,-8.240522399655358
41.7,94.27792915531336,17.72207084468664,-8.733624454148458
64.8,8.024691358024691,93.98148148148148,1.1157305724527555
55.9,35.40983606557377,71.90163934426229,3.0581039755351647
73.6,41.369863013698634,66.76712328767123,-1.8927444794952564
69.1,21.219226260257916,83.96365767878078,-8.19112627986347
73.6,12.860082304526749,90.35493827160494,0.746268656716409
50.4,69.28702010968921,41.64168190127971,1.2820512820512775
75.3,21.269579554822755,83.92085737840065,6.073884091952175
60.8,17.21311475409836,87.09016393442623,0.8298755186721962
26.6,72.47956403269755,38.7683923705722,-22.45042492917848
55.6,7.818930041152264,94.1358024691358,-10.261780104712049
60.0,9.836065573770492,92.62295081967213,7.535885167464107
58.2,18.356164383561644,86.23287671232876,-8.879023307436174
60.7,5.74443141852286,95.69167643610785,-10.963855421686763
76.8,0.0,100.0,-2.8208770934789795
42.0,45.063985374771484,63.44241316270566,-5.62632696390658
71.0,17.889530090684254,86.58285243198681,12.0253164556962
67.3,6.147540983606557,95.38934426229508,15.924563155774418
48.6,48.77384196185286,60.10354223433242,-14.33121019108281
61.9,4.938271604938271,96.29629629629629,7.44558991981672
62.8,5.573770491803279,95.81967213114754,0.0
71.5,0.547945205479452,99.58904109589041,5.42791939194498
68.2,4.4548651817116065,96.6588511137163,-7.185628742514972
73.2,0.102880658436214,99.92283950617283,-8.125975226407567
52.8,25.685557586837295,80.1672760511883,-6.6529573612368775
62.8,13.767518549051939,89.67436108821104,51.96743954691989
70.3,13.934426229508196,89.54918032786885,11.858751763875741
59.9,85.28610354223434,26.713896457765657,-19.18194640338505
67.6,2.880658436213992,97.8395061728395,-3.8245921191637944
59.9,15.081967213114755,88.68852459016394,3.9761431411530657
76.3,0.0,100.0,3.599464054703394
73.6,0.11723329425556857,99.91207502930833,-0.2336448598130869
69.6,5.967078189300412,95.5246913580247,1.2827794522843217
47.2,48.53747714808044,60.3162705667276,-12.365591397849474
53.6,37.757625721352014,69.90601813685079,4.745371132044096
68.2,8.60655737704918,93.54508196721312,-10.976221093264138
56.9,87.46594005449592,24.534059945504083,-11.383537653239916
60.1,66.0493827160494,44.55555555555554,-11.934156378600825
49.8,85.57377049180329,26.426229508196712,-3.171641791044777
69.5,68.63013698630137,42.23287671232877,73.94957983193278
69.6,83.47010550996484,28.52989449003516,-26.55367231638418
71.2,93.93004115226337,18.06995884773663,-17.079207920792083
44.9,99.81718464351006,12.18281535648994,-16.916488222698078
60.8,99.67023907666942,12.329760923330582,10.512820512820497
58.2,73.77049180327869,37.60655737704918,-9.191270860077017
75.2,10.08174386920981,92.43869209809264,-1.3263157894736866
62.4,7.4074074074074066,94.44444444444444,7.405184829572731
56.9,20.0,85.0,17.202874516307354
76.1,0.0,100.0,13.503649635036496
77.3,0.0,100.0,-2.548174442190665
61.5,8.641975308641975,93.51851851851852,-20.259114881907824
63.5,3.5648994515539303,97.32632541133455,-9.921740283857272
72.2,0.08244023083264633,99.93816982687551,28.611008496490562
34.6,98.77049180327869,13.229508196721312,-22.72727272727273
58.2,98.09264305177112,13.90735694822888,39.08872901678657
70.1,48.712446351931334,60.1587982832618,43.85245901639343
42.5,48.712446351931334,60.1587982832618,-11.529411764705888
49.9,98.81656804733728,13.183431952662716,14.73684210526316
51.2,77.61904761904762,34.14285714285714,-29.905063291139243
75.3,69.95994659546061,41.036048064085456,-25.64102564102564
47.6,63.83467278989667,46.548794489093,4.142011834319526
44.1,77.07070707070707,34.63636363636363,59.56416464891041
65.9,61.47540983606557,48.67213114754098,2.19780219780219
59.3,73.29700272479565,38.03269754768392,12.432432432432439
65.2,79.62962962962963,32.33333333333333,-2.67379679144385
52.5,72.1311475409836,39.08196721311476,-0.5434782608695676
72.7,23.15068493150685,82.32191780821918,13.772455089820369
58.6,73.03634232121922,38.2672919109027,-19.33701657458564
78.5,0.0,100.0,-5.042016806722693
36.9,98.99451553930531,13.005484460694689,27.669902912621346
75.3,89.61253091508657,22.387469084913434,1.4563106796116498
65.8,26.229508196721312,79.70491803278688,16.71631909963589
60.9,48.228882833787466,60.59400544959128,-21.104467112205416
59.6,5.1440329218107,96.14197530864197,15.990593768371554
43.1,30.81967213114754,75.80327868852459,4.51559934318555
63.6,10.547945205479452,92.08904109589041,-12.735166425470346
48.3,20.281359906213364,84.76084407971864,-18.357487922705328
59.2,9.465020576131687,92.90123456790124,-0.7110369262707916
45.4,56.12431444241316,53.48811700182816,65.78773895847067
74.8,84.1714756801319,27.828524319868094,6.957307431669291
53.3,50.409836065573764,58.63114754098361,52.1814655114411
40.6,99.1825613079019,12.817438692098094,-12.903225806451612
65.0,52.674897119341566,56.59259259259259,19.59785961280125
67.7,67.70491803278689,43.065573770491795,6.296603148301583
59.3,89.04109589041096,22.958904109589042,11.659080577670156
62.3,72.09847596717468,39.11137162954279,-14.164305949008494
74.0,23.765432098765434,81.79938271604938,-27.404035385261505
53.7,23.03473491773309,82.42047531992688,31.282626301814265
67.4,38.58202802967848,69.20527617477329,53.548387096774185
68.2,7.377049180327869,94.4672131147541,-9.3442524990352
68.3,3.2697547683923704,97.54768392370572,2.5575447570332255
32.1,87.24279835390946,24.757201646090536,-17.63914066965776
52.2,48.68852459016394,60.18032786885246,20.600858369098706
76.5,62.6027397260274,47.65753424657534,-2.1342013461990272
68.8,16.764361078546308,87.42672919109027,7.441860465116279
67.8,33.0246913580247,73.92901234567901,-8.461909772050912
31.8,99.6343692870201,12.365630712979893,-0.13985076345145453
71.4,83.2646331409728,28.735366859027195,11.705685618729088
52.3,36.47540983606557,70.99590163934427,38.44221105527639
39.5,96.18528610354224,15.81471389645776,-13.621896880967533
52.5,66.8724279835391,43.81481481481481,7.954545454545459
58.3,53.77049180327869,55.60655737704918,1.2759170653907637
61.6,79.72602739726027,32.24657534246576,-12.697396934091742
55.3,79.95310668229777,32.042203985932005,-22.710068130204387
59.9,40.84362139917695,67.24074074074075,-7.188940092165897
58.2,66.08775137111517,44.52102376599634,-1.8264840182648512
69.0,42.04451772464963,66.15993404781533,17.17495987158908
67.3,31.557377049180328,75.17622950819673,-4.3859649122806825
64.5,31.062670299727518,75.59673024523161,26.027397260273965
55.2,99.58847736625515,12.411522633744852,-8.239700374531822
63.8,91.31147540983606,20.688524590163937,6.584362139917688
68.6,97.67123287671234,14.328767123287662,-2.4896265560165998
55.1,99.64830011723329,12.35169988276671,-13.765182186234826
75.0,95.47325102880659,16.526748971193413,-4.8543689320388435
41.5,99.54296160877514,12.457038391224856,1.0791366906474975
64.5,98.10387469084914,13.896125309150861,6.071428571428594
56.1,99.18032786885246,12.819672131147541,-1.4184397163120588
40.8,99.72752043596729,12.272479564032707,-5.571847507331373
50.8,98.76543209876543,13.23456790123457,5.044510385756684
51.4,99.01639344262296,12.983606557377044,-5.4245283018868
71.0,98.76712328767124,13.23287671232876,14.596273291925455
62.5,41.26611957796014,66.86049237983588,-0.5390835579514808
76.7,0.0,100.0,-3.60655737704918
48.3,21.115173674588668,84.05210237659963,-9.848484848484851
65.7,10.222588623248145,92.3330585325639,10.946745562130179
66.2,8.60655737704918,93.54508196721312,-4.950293460885568
63.9,11.716621253405995,91.21253405994551,-1.1421319796954377
71.6,3.7037037037037033,97.22222222222223,7.952577329881905
60.2,16.557377049180328,87.58196721311475,4.524180967238678
70.9,19.45205479452055,85.41095890410959,10.612315759527057
69.3,26.729191090269637,79.28018757327081,11.631419939577036
75.1,24.382716049382715,81.2746913580247,-3.719751288197848
47.8,77.05667276051187,34.648994515539314,-11.491457611925437
68.1,46.00164880461665,62.59851607584501,23.05834092901935
55.0,81.55737704918032,30.442622950819683,-10.060848856749782
52.4,94.82288828337875,17.177111716621255,-4.636920384951882
55.0,30.45267489711934,76.11522633744856,-7.623071762761436
56.6,14.426229508196723,89.18032786885246,2.9748283752860427
72.7,0.9589041095890412,99.28082191780823,-3.775027326047009
65.1,7.737397420867527,94.19695193434936,-10.818713450292405
72.9,5.555555555555555,95.83333333333333,-20.198675496688733
47.1,15.447897623400367,88.41407678244973,-8.70279146141215
66.0,9.480626545754328,92.88953009068425,14.67391304347827
57.9,17.21311475409836,87.09016393442623,-3.8602823078644266
35.6,70.29972752043598,40.73024523160762,-42.47641509433963
60.4,5.1440329218107,96.14197530864197,23.475688968300524
57.7,18.524590163934427,86.10655737704919,6.155349291646295
70.8,5.205479452054795,96.0958904109589,-10.785407926412894
69.7,2.2274325908558033,98.32942555685815,158.5953177257525
70.9,38.477366255144034,69.29423868312757,-26.21482732143906
57.6,39.945155393053014,68.04661791590493,-0.9107468123861651
62.9,25.721352019785655,80.1368507831822,3.63663351708996
64.0,78.68852459016394,33.18032786885246,-6.893697654573783
71.4,28.610354223433244,77.68119891008175,17.061143984220895
72.7,10.08230452674897,92.43827160493828,-5.566357432681313
41.5,23.934426229508198,81.65573770491804,16.310679611650492
72.6,15.205479452054796,88.5958904109589,11.745510208885213
66.8,16.998827667057444,87.25087924970691,15.50886756774188
58.3,57.818930041152264,51.96296296296296,-5.593743353303315
71.9,19.926873857404022,85.05484460694699,2.8920308483290524
55.1,37.675185490519375,69.97609233305853,25.7854408629014
70.8,6.967213114754098,94.77459016393442,17.808219178082197
59.5,57.49318801089919,52.25613079019073,22.291666666666664
51.1,96.91358024691358,15.086419753086417,3.743315508021383
58.7,97.04918032786885,14.950819672131146,-5.1724137931034475
71.0,95.8904109589041,16.1095890410959,-2.3655913978494647
56.3,98.59320046893318,13.406799531066824,-23.62525458248472
75.1,68.10699588477365,42.70370370370371,0.8620689655172376
45.5,99.26873857404021,12.731261425959786,-1.3565891472868241
36.4,99.34047815333884,12.659521846661164,9.938837920489307
60.0,8.19672131147541,93.85245901639344,-1.8701338360961994
42.4,38.96457765667575,68.88010899182561,-9.60264900662252
60.5,6.995884773662551,94.75308641975309,20.614303878261286
69.0,21.311475409836063,83.88524590163935,18.484288354898325
68.2,16.575342465753426,87.56849315068493,0.5137071392323778
53.1,63.188745603751464,47.13012895662368,-33.28267477203647
71.8,0.0,100.0,-18.0027874382097
45.0,13.16270566727605,90.12797074954297,0.4149377593360981
68.4,15.169002473206925,88.6232481450948,14.956257252430216
38.5,50.83333333333333,58.25000000000001,-9.962304792676358
59.4,13.389121338912133,89.9581589958159,-1.1202458729694276
66.5,11.294765840220386,91.52892561983471,16.119620714806725
71.0,61.07660455486542,49.031055900621126,4.4551062371487316
54.1,90.42904290429043,21.570957095709574,-12.047640861200183
70.5,65.37931034482759,45.15862068965517,-19.41446186346967
40.0,80.51948051948052,31.480519480519476,59.105431309904155
72.1,91.61490683229813,20.385093167701868,15.702479338842966
46.0,37.704918032786885,69.95081967213115,105.26054590570722
47.5,98.36512261580381,13.634877384196187,-1.074380165289257
37.7,99.1769547325103,12.823045267489704,77.03883495145631
68.5,82.78688524590164,29.213114754098356,2.45707985509529
71.9,52.465753424657535,56.78082191780822,-16.183107672469376
75.0,18.874560375146544,85.84407971864009,-7.849109653233366
78.2,0.0,100.0,-39.733889903469866
57.7,8.775137111517367,93.41864716636198,-13.445945945945947
62.8,14.344600164880461,89.24154987633966,33.16101961777693
49.7,61.47540983606557,48.67213114754098,3.6803732615627194
51.4,77.65667574931881,34.108991825613074,-14.391392064559504
64.2,17.695473251028808,86.72839506172839,5.109525230076106
61.4,8.032786885245901,93.97540983606558,-2.2459893048128343
72.1,0.136986301369863,99.8972602739726,-2.2004066020623103
59.2,10.433763188745605,92.1746776084408,-31.121833534378762
67.5,4.938271604938271,96.29629629629629,-5.161290322580648
41.0,20.018281535648992,84.98446069469836,-7.211282645725503
36.3,61.41797197032152,48.72382522671064,-5.392272105890994
68.4,13.524590163934427,89.85655737704919,37.49999999999998
56.3,87.73841961852861,24.26158038147139,124.15865384615384
57.1,87.03703703703704,24.962962962962962,-15.551425030978926
50.9,84.42622950819673,27.573770491803273,-5.690537084398983
68.4,81.64383561643835,30.356164383561648,-8.265078183172003
69.6,44.54865181711606,63.906213364595544,-14.057239057239057
69.2,33.95061728395062,73.14197530864197,-17.17479674796748
39.4,54.75319926873857,54.72212065813529,100.0
73.9,71.31079967023908,39.82028029678483,85.12720156555773
58.1,45.49180327868852,63.05737704918033,0.4731861198738141
54.7,96.18528610354224,15.81471389645776,-11.139564660691414
61.8,13.991769547325102,89.50617283950618,12.725207760786983
68.4,9.180327868852459,93.11475409836066,1.909722222222232
42.5,82.6027397260274,29.397260273972606,-16.87863136033787
60.5,43.259085580304806,65.06682297772568,-24.99999999999999
69.8,1.440329218106996,98.91975308641975,-16.768916155419213
41.2,19.012797074954296,85.74040219378428,25.767918088737197
72.4,19.538334707337178,85.34624896949711,17.200674536256333
52.8,43.0327868852459,65.27049180327869,-4.639415532886659
59.4,29.70027247956403,76.75476839237058,5.526770293609662
67.0,6.378600823045268,95.21604938271605,7.586324906400943
60.8,20.491803278688526,84.58196721311475,6.915887850467284
59.6,74.52054794520548,36.93150684931507,6.377788586232147
47.9,93.20046893317702,18.79953106682298,-29.745889387145
72.5,5.555555555555555,95.83333333333333,-8.922057534807982
24.7,99.72577696526508,12.274223034734916,-14.939434724091527
57.4,87.22176422093982,24.778235779060182,8.565419624580684
54.7,73.77049180327869,37.60655737704918,15.447049442652494
68.6,32.9700272479564,73.97547683923706,64.46469248291574
54.8,40.534979423868315,67.51851851851852,32.0086705202312
51.4,39.83606557377049,68.13934426229508,12.914485165794055
76.8,13.287671232876713,90.03424657534246,19.859813084112155
68.5,19.812426729191092,85.14067995310668,23.938223938223935
56.2,43.10699588477366,65.20370370370371,-32.0746334962239
68.2,12.157221206581353,90.88208409506399,18.54875001133658
70.9,9.068425391591097,93.19868095630667,19.889840881272946
58.1,71.72131147540983,39.450819672131146,44.44140197152247
53.6,98.36512261580381,13.634877384196187,-37.05343028770155
45.0,21.810699588477366,83.46090534979425,-3.310122773473889
70.4,2.459016393442623,98.15573770491804,-9.349845201238383
74.4,0.0,100.0,-10.430839002267579
75.0,0.0,100.0,-10.424354243542433
59.5,6.378600823045268,95.21604938271605,-10.790334644716804
56.0,21.480804387568554,83.74131627056673,0.1718213058419238
53.6,30.420445177246496,76.14262159934049,32.835896830316244
56.4,36.885245901639344,70.64754098360656,-0.008519230460868332
66.7,10.08174386920981,92.43869209809264,-4.972375690607733
69.0,4.11522633744856,96.91358024691358,4.451717574942804
59.8,15.737704918032788,88.19672131147541,1.6042780748663166
60.8,31.506849315068493,75.21917808219177,10.06045834648015
70.1,11.957796014067995,91.031652989449,-5.328596802841923
69.7,1.02880658436214,99.22839506172839,-9.058820661089928
51.2,57.40402193784278,52.3363802559415,-9.065155807365432
61.9,43.03380049464138,65.26957955482276,32.36703145117015
56.6,30.327868852459016,76.22131147540983,-6.85801594545814
68.2,2.7247956403269753,97.95640326975477,-6.379100850546782
67.6,3.7037037037037033,97.22222222222223,-4.5336877522700325
51.9,21.9672131147541,83.32786885245902,26.74023769100169
68.7,24.65753424657534,81.04109589041096,-7.188841201716745
41.5,41.96951934349355,66.2274325908558,-28.454452405322417
72.1,1.337448559670782,98.99691358024691,-12.172573189522351
35.7,61.06032906764168,49.04570383912249,-18.54863312396097
33.8,88.45836768342951,23.541632316570485,-8.83977900552486
54.2,40.98360655737705,67.11475409836065,-10.912722843876255
66.1,16.076294277929154,87.94277929155314,8.090614886731395
40.4,82.71604938271605,29.28395061728395,1.1904761904761862
62.3,62.62295081967213,47.63934426229508,1.0666666666666602
76.3,19.45205479452055,85.41095890410959,4.361370716510904
34.8,90.62133645955451,21.378663540445487,-43.08035714285714
74.4,1.131687242798354,99.15123456790124,-11.618257261410802
44.7,43.327239488117,65.0054844606947,61.791044776119385
49.5,98.68095630667766,13.319043693322342,22.544283413848643
64.3,22.131147540983605,83.18852459016394,22.630983675440007
74.1,18.52861035422343,86.10354223433242,49.447852760736225
28.4,69.34156378600824,41.59259259259259,14.723828680826202
61.5,53.11475409836065,56.196721311475414,3.4751348112642244
77.8,0.0,100.0,27.520849128127377
49.0,56.38921453692849,53.24970691676436,4.234527687296419
61.6,23.14814814814815,82.32407407407408,-28.816793893129766
67.0,2.376599634369287,98.21755027422303,-17.002417405318294
65.9,1.483924154987634,98.88705688375927,12.843009819010343
68.1,14.754098360655737,88.9344262295082,-14.591494267786942
64.6,16.893732970027248,87.32970027247956,1.6279069767441978
68.6,0.0,100.0,-2.1857923497267784
61.2,4.590163934426229,96.55737704918033,3.844867937144758
70.5,0.410958904109589,99.6917808219178,-4.479850324073831
65.0,2.9308323563892147,97.80187573270808,6.6543438077633965
62.5,1.2345679012345678,99.07407407407408,-17.31695280537685
54.1,15.26508226691042,88.55118829981718,-3.573907009021504
54.3,24.237427864798022,81.39818631492169,-3.4260713942430243
69.5,1.639344262295082,98.77049180327869,8.907839830531783
60.7,16.076294277929154,87.94277929155314,-1.9639934533551617
62.6,4.11522633744856,96.91358024691358,6.920769583250408
64.5,10.491803278688524,92.1311475409836,26.587301587301603
66.2,27.123287671232877,78.94520547945206,-0.36215392452622064
52.4,90.50410316529894,21.495896834701057,-14.563106796116498
75.0,13.065843621399175,90.20061728395062,-5.74945596046732
54.5,65.81352833638026,44.76782449725777,6.865671641791038
59.8,85.07831821929102,26.92168178070898,15.96493962401382
75.2,0.9523809523809524,99.28571428571429,-25.657622207562746
56.5,38.32599118942731,69.42290748898678,-8.932461873638342
66.2,17.341040462427745,86.99421965317919,9.110209144833469
36.2,89.75409836065575,22.245901639344254,-23.272035510462896
56.0,51.49863760217984,57.65122615803814,-9.854115056427181
55.3,32.71604938271605,74.19135802469135,-13.989644276427526
64.4,19.672131147540984,85.24590163934427,23.57512953367875
73.2,11.095890410958905,91.67808219178082,5.825649622799678
70.1,25.087924970691677,80.67526377491207,-19.2948469585432
71.8,1.646090534979424,98.76543209876543,-17.525773195876294
51.2,20.840950639853748,84.28519195612431,-14.23255813953489
64.8,4.122011541632316,96.90849134377576,15.105576610720073
68.4,14.772727272727273,88.92045454545455,-25.416204217536077
75.8,0.3389830508474576,99.7457627118644,-33.22778933458772
45.8,25.41966426858513,80.39328537170263,-7.983193277310918
55.5,31.156716417910445,75.51679104477611,14.292148191176901
59.9,97.1311475409836,14.868852459016395,16.568047337278102
59.3,89.10081743869209,22.89918256130791,46.34146341463416
63.0,81.6872427983539,30.312757201646093,5.022831050228316
55.6,79.83606557377048,32.14754098360656,7.8947368421052655
74.4,55.47945205479452,54.06849315068493,2.518891687657443
53.8,96.48300117233293,15.516998827667067,-23.458904109589042
75.7,77.1604938271605,34.55555555555556,-13.33333333333333
34.0,97.71480804387569,14.285191956124308,-12.849162011173188
39.7,99.67023907666942,12.329760923330582,-10.62271062271063
76.7,5.327868852459016,96.00409836065573,4.385964912280693
53.7,30.24523160762943,76.29155313351498,5.898123324396787
70.6,0.0,100.0,-72.7699530516432
63.0,20.081967213114755,84.93032786885246,-14.170593782588059
71.8,0.2724795640326975,99.79564032697547,2.3111111111111082
55.7,10.08230452674897,92.43827160493828,4.257167680278018
51.7,21.803278688524593,83.4672131147541,12.926535527900441
65.9,43.97260273972603,64.42465753424658,-14.461214461214468
72.6,0.11723329425556857,99.91207502930833,-12.971926427879977
71.3,0.102880658436214,99.92283950617283,-16.14219114219114
50.9,8.500914076782449,93.62431444241317,-9.835100117785645
53.0,8.573784006595218,93.5696619950536,5.061728395061715
71.0,61.47540983606557,48.67213114754098,33.30623459548612
62.6,35.967302452316076,71.42779291553134,-0.721649484536091
57.4,18.31275720164609,86.26543209876543,-5.585106382978722
54.1,14.918032786885247,88.81147540983606,6.766917293233088
76.7,0.410958904109589,99.6917808219178,15.303774053675113
69.8,5.041031652989449,96.21922626025791,-9.694793536804303
67.8,5.555555555555555,95.83333333333333,-5.524855424798236
53.6,25.411334552102378,80.40036563071298,-3.2758620689655182
72.5,0.9892827699917559,99.25803792250618,28.753825329797976
53.4,18.0327868852459,86.47540983606558,-5.927538225022666
55.5,17.983651226158038,86.51226158038148,2.235371466140701
67.3,1.440329218106996,98.91975308641975,-8.266860043509784
56.3,5.737704918032787,95.69672131147541,0.6097560975609762
72.4,0.0,100.0,12.760416666666675
69.5,1.2895662368112544,99.03282532239156,-31.880341880341877
61.1,4.320987654320987,96.75925925925927,-24.5049557571022
41.8,16.819012797074954,87.38574040219379,0.9297520661156966
31.9,45.42456718878813,63.11788953009068,3.5997120230381485
55.0,19.672131147540984,85.24590163934427,5.24530407204411
59.1,10.899182561307901,91.82561307901908,-9.696458684654308
64.3,4.938271604938271,96.29629629629629,13.621425991305514
65.9,9.836065573770492,92.62295081967213,33.157894736842096
47.5,40.54794520547945,67.5068493150685,-3.348689172487329
55.0,47.24501758499414,61.47948417350528,17.95809777186563
71.6,58.53909465020576,51.31481481481482,-16.53887375564038
52.0,82.08409506398537,29.915904936014627,22.942001870907404
73.6,69.24979389942291,41.67518549051938,57.24973979099308
62.2,21.311475409836063,83.88524590163935,1.4397303938207262
51.9,91.00817438692098,20.991825613079016,-14.567901234567904
71.4,3.0864197530864197,97.68518518518519,7.606881484459382
61.4,12.459016393442624,90.65573770491804,4.87210718635811
71.8,15.205479452054796,88.5958904109589,6.443719132224035
59.3,36.45955451348183,71.00937866354045,-4.2873696407879525
70.6,10.2880658436214,92.28395061728395,-2.5948753123681723
53.3,58.40950639853748,51.43144424131627,0.6050129645635227
68.2,49.464138499587804,59.482275350370976,20.823164954255624
68.0,15.163934426229508,88.62704918032787,12.705134992059275
44.3,61.85286103542234,48.33242506811989,1.423324150596872
47.3,58.43621399176955,51.407407407407405,-5.526083112289992
68.8,19.508196721311474,85.3688524590164,21.93117616846432
57.7,76.71232876712328,34.95890410958905,-17.403100775193803
43.8,89.33177022274326,22.66822977725674,-12.051190899395658
67.3,62.34567901234568,47.88888888888889,-27.0849611726538
53.9,86.28884826325411,25.71115173674589,-17.413300748053206
39.7,45.25968672712284,63.26628194558944,20.799640610961355
72.5,40.16393442622951,67.85245901639344,75.88554676206354
66.5,86.92098092643052,25.079019073569484,-11.040145985401463
65.9,58.64197530864198,51.222222222222214,-3.817790269592536
59.6,46.72131147540984,61.950819672131146,21.3095238095238
75.1,38.082191780821915,69.63013698630138,-8.319362759210346
74.5,0.23446658851113714,99.82415005861665,5.397301349325345
43.6,29.01234567901235,77.3395061728395,-15.785471103689265
57.3,24.131627056672762,81.48811700182816,-12.180267965895252
62.4,10.305028854080792,92.2712283594394,10.545342878667663
59.8,18.852459016393443,85.86065573770492,62.45430809399477
46.5,97.00272479564033,14.997275204359667,-20.697215522911637
53.9,45.47325102880658,63.074074074074076,50.849673202614376
64.2,76.22950819672131,35.39344262295082,-1.3846153846153952
54.4,76.02739726027397,35.57534246575342,-9.261838440111426
59.3,47.010550996483005,61.690504103165296,10.989010989010971
64.7,54.52674897119342,54.925925925925924,-14.077467721782588
39.9,99.26873857404021,12.731261425959786,22.83916849015315
71.0,75.1030502885408,36.40725474031328,182.91060291060296
62.6,20.28985507246377,84.7536231884058,-9.749600426212035
65.5,10.362694300518134,92.2279792746114,0.5565862708719838
56.3,15.654952076677317,88.25878594249201,5.55555555555558
68.2,5.963302752293578,95.52752293577981,-2.386495925494758
76.8,0.36036036036036034,99.72972972972973,-6.840671140488741
55.2,17.2821270310192,87.03840472673559,15.012722646310417
65.0,21.608040201005025,83.63316582914572,30.65218912543952
70.1,2.8688524590163933,97.84836065573771,-38.98876404494382
64.6,7.629427792915531,94.27792915531336,-7.121986851716578
73.3,0.411522633744856,99.69135802469135,12.682368670876887
61.2,38.68852459016394,69.11475409836065,4.765078307230919
70.8,20.273972602739725,84.76712328767124,-19.060531428787584
39.1,20.046893317702228,84.9601406799531,19.240837696335067
75.3,6.68724279835391,94.98456790123457,-21.15522206655691
55.0,10.3290676416819,92.25319926873857,-9.805615550755942
63.7,0.4122011541632316,99.69084913437757,8.715832903558528
52.4,35.65573770491803,71.69262295081967,2.51748835671477
64.2,29.972752043596728,76.52316076294278,15.116279069767447
38.2,97.11934156378601,14.880658436213992,-18.279569892473113
62.9,73.60655737704917,37.754098360655746,4.518664047151266
73.1,42.32876712328767,65.9041095890411,-1.9911504424778959
68.3,30.246189917936693,76.29073856975381,-17.897091722595082
68.4,9.979423868312757,92.51543209876543,-11.085097280633304
44.2,71.57221206581352,39.58500914076784,-3.1818181818181968
72.8,1.4014839241549877,98.94888705688376,19.471840535249218
66.5,6.147540983606557,95.38934426229508,-10.278372591006423
35.8,37.87465940054496,69.80653950953679,-0.06309148264984632
63.6,22.016460905349795,83.28600823045268,6.593494655241394
70.3,8.19672131147541,93.85245901639344,12.595097210481821
66.0,25.34246575342466,80.45890410958904,-16.75
68.0,2.9308323563892147,97.80187573270808,-27.01894317048853
73.2,5.658436213991769,95.75617283950618,8.721804511278197
49.6,54.6617915904936,54.80438756855576,-3.857566765578624
68.3,36.02638087386645,71.37757625721352,15.065243179122167
59.7,24.59016393442623,81.09836065573771,9.614924581278682
39.3,98.09264305177112,13.90735694822888,-4.632768361581919
55.1,66.2551440329218,44.370370370370374,20.139860139860154
47.9,91.31147540983606,20.688524590163937,20.08592910848548
70.8,58.21917808219178,51.602739726027394,46.74698795180723
67.0,91.20750293083235,20.792497069167652,-16.27705627705629
65.5,76.64609053497942,35.01851851851852,-37.92329407671606
44.3,42.96160877513711,65.3345521023766,-8.585029344573492
64.9,16.15828524319868,87.881286067601,12.509108101162791
51.6,40.57377049180328,67.48360655737704,-1.0791075270287775
48.2,84.46866485013625,27.53133514986375,-7.74999999999999
66.7,4.938271604938271,96.29629629629629,37.92177846591051
74.3,58.852459016393446,51.0327868852459,-4.472361809045211
66.2,36.71232876712329,70.79452054794521,-2.1945432977461543
59.6,86.28370457209847,25.716295427901528,-38.04829965500246
70.1,4.012345679012346,96.99074074074073,-14.92204899777283
38.0,64.62522851919562,45.83729433272394,-10.416666666666663
50.0,98.51607584501237,13.483924154987633,20.119521912350603
43.4,69.26229508196722,41.663934426229496,5.361944305263355
62.5,41.14441416893733,66.97002724795641,-10.079051383399218
57.4,10.699588477366255,91.9753086419753,10.504690770569303
65.7,6.885245901639345,94.8360655737705,2.021403091557672
72.0,1.9178082191780823,98.56164383561644,-0.6089120373709234
58.7,4.103165298944901,96.92262602579133,-15.169902912621358
71.0,0.823045267489712,99.38271604938272,0.8578498631066855
46.6,48.72029250457038,60.15173674588666,-9.44017563117453
56.5,29.183841714756802,77.19373454245672,7.058823529411762
49.2,44.67213114754098,63.795081967213115,1.5477214101461634
56.5,53.67847411444142,55.68937329700272,5.226480836236935
69.6,0.823045267489712,99.38271604938272,10.137457044673525
51.1,89.67213114754098,22.32786885245902,-3.0063291139240556
46.6,99.58904109589041,12.410958904109592,-25.231481481481488
29.9,99.88276670574443,12.11723329425557,-10.486891385767782
75.9,95.78189300411523,16.218106995884767,-23.848238482384822
42.7,99.6343692870201,12.365630712979893,28.666666666666664
56.8,99.91755976916735,12.082440230832646,24.87611496531219
66.1,11.475409836065573,91.39344262295081,-6.347746090156403
68.3,4.35967302452316,96.73024523160763,5.470459518599569
65.5,31.275720164609055,75.4156378600823,-0.7741935483871032
52.5,19.836065573770494,85.12295081967213,13.936430317848414
70.3,4.52054794520548,96.60958904109589,8.958528901196484
65.5,59.55451348182884,50.40093786635404,-33.84615384615385
73.1,0.823045267489712,99.38271604938272,-20.329059034921194
42.9,12.431444241316271,90.6764168190128,13.134831125603942
51.4,36.108821104699096,71.30750206100576,8.604873306523043
42.0,64.34426229508196,46.090163934426236,20.899854862119028
58.3,80.10899182561307,31.891008174386926,-8.279430789133258
62.0,8.641975308641975,93.51851851851852,172.4137931034483
57.5,96.72131147540983,15.278688524590166,5.242825607064017
68.8,78.21917808219177,33.60273972602741,-9.708737864077666
70.7,75.7327080890973,35.84056271981243,-4.022627278441238
64.0,59.5679012345679,50.388888888888886,-18.571428571428573
41.8,83.72943327239489,28.270566727605114,-7.203389830508467
72.3,54.657873042044514,54.80791426215994,11.698956780923986
70.7,16.39344262295082,87.70491803278689,18.38926174496647
62.5,49.863760217983646,59.12261580381472,9.734114465975674
62.8,4.526748971193416,96.60493827160494,4.594594594594614
66.8,4.918032786885246,96.31147540983606,8.376005852231172
70.9,2.6027397260273974,98.04794520547945,-13.757039420756234
69.1,1.6412661195779603,98.76905041031652,-9.88610478359908
64.9,8.847736625514404,93.3641975308642,-11.399217221135016
49.7,27.513711151736747,78.61334552102376,2.9488615154908526
71.5,19.950535861500413,85.03709810387468,64.2205818497612
49.3,31.557377049180328,75.17622950819673,-11.966804333970614
36.7,30.24523160762943,76.29155313351498,-13.718411552346577
68.7,4.11522633744856,96.91358024691358,2.711116413940795
59.2,23.770491803278688,81.79508196721312,7.206564395290749
49.5,46.16438356164384,62.45205479452055,-3.75782881002088
49.6,58.73388042203986,51.139507620164125,-25.0
66.7,13.065843621399175,90.20061728395062,-12.726764731241468
54.4,12.248628884826324,90.81352833638026,-10.851135978297721
53.1,10.1401483924155,92.39488870568837,1.4783717675900032
54.2,33.60655737704918,73.4344262295082,17.59729272419628
58.6,49.31880108991826,59.61307901907357,-6.0461416070007985
66.3,4.938271604938271,96.29629629629629,8.129927984535401
64.2,16.065573770491802,87.95081967213115,12.438302073050345
44.8,85.47945205479452,26.52054794520548,4.6616541353383445
63.6,84.87690504103166,27.123094958968338,-18.584656084656093
75.9,29.218106995884774,77.16460905349794,-6.382978723404264
47.3,67.18464351005484,43.533820840950646,-3.70931112793339
58.2,67.35366859027205,43.38169826875515,42.967513777779295
73.5,50.0,59.0,24.74747474747476
58.9,87.73841961852861,24.26158038147139,4.8387096774193505
71.3,97.53086419753086,14.46913580246914,10.73446327683616
50.3,99.50819672131146,12.491803278688536,7.329842931937169
76.1,82.87671232876713,29.123287671232873,13.173652694610771
42.8,99.2966002344666,12.703399765533405,-31.00436681222707
68.5,98.04526748971193,13.954732510288068,-9.868421052631572
41.5,99.81718464351006,12.18281535648994,3.664921465968596
43.6,99.75267930750206,12.247320692497937,37.55274261603374
71.5,7.786885245901639,94.15983606557377,10.833586589307398
49.4,36.51226158038147,70.96457765667576,0.7537688442210921
66.8,5.967078189300412,95.5246913580247,21.73989683805624
53.8,69.50819672131148,41.44262295081967,12.269272529858831
63.4,70.27397260273973,40.75342465753424,0.07331257436857808
63.9,64.947245017585,45.54747948417349,-21.293532338308463
71.4,0.0,100.0,-23.859151442210358
48.8,13.711151736745887,89.71663619744058,21.75273865414711
68.8,18.961253091508656,85.77906018136851,13.27014218009479
60.7,40.16393442622951,67.85245901639344,9.977997000854156
45.1,87.19346049046321,24.80653950953679,2.9461756373937886
63.2,4.938271604938271,96.29629629629629,10.429673268964624
65.0,15.40983606557377,88.44262295081967,18.855465884079226
42.6,99.58904109589041,12.410958904109592,-8.469387755102053
63.1,83.00117233294256,28.99882766705744,5.54951033732316
75.0,19.1358024691358,85.64814814814815,-18.1608274034151
37.3,86.74588665447898,25.25411334552102,8.142255498362182
47.3,99.17559769167353,12.82440230832647,0.4858130181524034
